Phase,DietType,DietName,Breakfast,BreakfastIngredients,BreakfastCalories,BreakfastFat_g,BreakfastProtein_g,BreakfastCarbs_g,BreakfastPreparation,Lunch,LunchIngredients,LunchCalories,LunchFat_g,LunchProtein_g,LunchCarbs_g,LunchPreparation,Dinner,DinnerIngredients,DinnerCalories,DinnerFat_g,DinnerProtein_g,DinnerCarbs_g,DinnerPreparation,TotalCalories,TotalFat_g,TotalProtein_g,TotalCarbs_g,BreakfastPrepTime_min,LunchPrepTime_min,DinnerPrepTime_min,TotalPrepTime_min
Menstrual,Vegetarian,Spinach Iron Bowl,Spinach Paratha + Jaggery Milk,"Whole wheat flour, spinach (iron), jaggery, milk",320,8,12,52,"Knead spinach dough, cook paratha, warm jaggery milk",Rajma Chawal + Spinach Salad,"Rajma (iron), brown rice, spinach, lemon",480,10,22,76,"Pressure cook rajma with spices, cook brown rice, toss spinach salad",Methi Dal + Bajra Roti,"Fenugreek (iron), toor dal, bajra flour",380,10,18,58,"Cook methi dal, prepare bajra roti",1180,28,52,186,20,45,20,85
Menstrual,Vegetarian,Iron Fortified Start,Ragi Porridge + Dates,"Ragi (iron), milk, dates (iron), jaggery",300,6,10,54,"Cook ragi with milk, add dates and jaggery",Chana Dal Khichdi + Palak,"Chana dal (iron), rice, spinach (iron), ghee",460,12,20,72,"Cook dal and rice together, add spinach",Paneer Palak + Whole Wheat Roti,"Spinach (iron), paneer, whole wheat flour",380,14,22,50,"Blanch spinach, make curry, cook roti",1140,32,52,176,20,20,20,60
Menstrual,Vegetarian,Menstrual Comfort,Moong Dal Cheela + Chutney,"Moong dal (iron), green chutney, spices",280,6,16,42,"Soak moong, grind, make pancakes",Palak Paneer + Brown Rice,"Spinach (iron), paneer, brown rice",460,16,22,64,"Make palak gravy, cook rice",Rajma Soup + Toast,"Kidney beans (iron), whole wheat bread, spices",360,8,16,56,"Pressure cook rajma soup, toast bread",1100,30,54,162,30,20,45,95
Menstrual,Vegetarian,Blood Nourishing,Sabudana Khichdi + Peanuts,"Sabudana, peanuts (iron), curry leaves",310,12,10,48,"Soak sabudana, roast peanuts, sauté together",Lobia Curry + Jowar Roti,"Black-eyed peas (iron), jowar flour, tomatoes",450,8,20,70,"Pressure cook lobia, cook jowar roti",Beetroot Raita + Methi Thepla,"Beetroot (iron), fenugreek (iron), whole wheat",370,10,14,58,"Grate beetroot into curd, knead methi dough, cook thepla",1130,30,44,176,30,45,20,95
Menstrual,Vegetarian,Phase Recovery,Amaranth Smoothie Bowl,"Puffed amaranth (iron), banana, berries, milk",290,6,10,52,"Blend banana-berry base, top with amaranth",Horsegram Dal + Rice,"Kulthi dal (iron), rice, tempering",470,8,22,76,"Pressure cook horsegram dal, cook rice",Palak Puri + Chole,"Spinach puri (iron), chickpeas (iron)",390,14,18,58,"Fry palak puris, prepare chole",1150,28,50,186,10,45,20,75
Menstrual,Vegetarian,Iron Max Veg,Sesame Chikki Oatmeal,"Oats, sesame seeds (iron), jaggery, milk",300,10,12,48,"Cook oats, stir in sesame and jaggery",Rajma Soup + Millet Roti,"Rajma (iron), bajra roti, vegetables",460,10,20,72,"Cook rajma soup, prepare millet roti",Tofu Palak Curry + Brown Rice,"Tofu (iron), spinach (iron), brown rice",380,14,20,54,"Prepare palak base, add tofu, cook rice",1140,34,52,174,20,20,20,60
Menstrual,Vegetarian,Warm Healing,Til Ladoo + Warm Milk,"Sesame balls (iron), turmeric milk",280,10,8,44,"Roll til ladoo, warm milk with turmeric",Dal Makhani + Roti,"Urad dal (iron), rajma (iron), cream, wheat roti",490,16,24,72,"Slow cook dal overnight, cook roti",Methi Aloo + Bajra Roti,"Fenugreek (iron), potato, bajra flour",360,8,12,60,"Sauté methi with aloo, cook bajra roti",1130,34,44,176,10,45,20,75
Menstrual,Vegetarian,Gentle Nourish,Poha + Peanuts + Lemon,"Poha (iron-fortified), peanuts (iron), lemon",270,8,10,42,"Rinse poha, roast peanuts, temper together",Chana Masala + Brown Rice,"Chickpeas (iron), brown rice, spices",470,10,20,76,"Pressure cook chana, cook rice",Lauki Kofta + Roti,"Bottle gourd, besan (iron), wheat roti",360,12,14,56,"Make koftas, prepare tomato gravy",1100,30,44,174,35,45,20,100
Menstrual,Vegetarian,Restorative Bowl,Ragi Dosa + Sambar,"Ragi flour (iron), toor dal sambar",300,6,12,50,"Ferment ragi batter, make dosa, prepare sambar",Masoor Dal + Jeera Rice,"Masoor dal (iron), rice, cumin",450,8,20,72,"Cook lentils, prepare jeera rice",Spinach Khichdi + Ghee,"Spinach (iron), rice, moong dal (iron), ghee",370,12,16,58,Pressure cook khichdi with spinach,1120,26,48,180,30,20,45,95
Menstrual,Vegetarian,Iron Warrior Veg,Besan Chilla + Coriander Chutney,"Besan (iron), vegetables, coriander",280,8,14,40,Make chickpea pancakes with coriander chutney,Moth Dal + Bajra Roti,"Moth beans (iron), bajra flour, spices",460,10,22,70,"Pressure cook moth dal, cook bajra roti",Tofu Stir-fry + Millets,"Tofu (iron), foxtail millet, capsicum, soy sauce",380,12,20,56,"Pan-fry tofu, cook millet",1120,30,56,166,20,45,20,85
Menstrual,Vegetarian,Warming Spice,Ginger Turmeric Oatmeal,"Oats, ginger, turmeric, jaggery, milk",270,6,10,46,Cook oats with spices and jaggery,Kadala Curry + Appam,"Black chickpeas (iron), coconut milk, fermented rice",480,14,20,74,"Cook kadala curry, prepare appam batter",Dal Palak + Roti,"Toor dal, spinach (iron), wheat roti",360,8,18,58,"Cook dal with spinach, make roti",1110,28,48,178,20,20,20,60
Menstrual,Vegetarian,Calm Phase Veg,Banana Walnut Oatmeal,"Oats, banana, walnuts (iron), honey",280,10,10,48,"Cook oats, top with banana and walnuts",Lentil Soup + Brown Rice + Salad,"Masoor dal (iron), brown rice, spinach salad",450,8,20,72,"Cook lentil soup, prepare rice and salad",Mushroom Palak + Roti,"Mushrooms (iron), spinach (iron), wheat roti",370,10,18,56,"Sauté mushrooms and spinach, cook roti",1100,28,48,176,20,20,20,60
Menstrual,Vegetarian,Soothing Iron,Quinoa Upma + Peanuts,"Quinoa (iron), peanuts (iron), vegetables",300,10,14,46,"Roast quinoa, cook with vegetables and peanuts",Rajma Soup + Millet Bread,"Kidney beans (iron), millet bread, herbs",460,10,20,72,"Cook rajma soup, bake millet bread",Palak Corn Curry + Roti,"Spinach (iron), sweet corn, wheat roti",370,10,16,60,"Prepare palak-corn gravy, cook roti",1130,30,50,178,35,35,20,90
Menstrual,Vegetarian,Deep Restoration,Ragi Malt + Dates,"Ragi (iron), milk, dates (iron), cardamom",290,6,10,52,"Prepare ragi malt, blend with dates",Horsegram Soup + Brown Rice,"Kulthi dal (iron), brown rice, herbs",460,8,22,72,"Pressure cook horsegram, cook rice",Tofu Bhurji + Multigrain Roti,"Tofu (iron), onions, tomatoes, multigrain",370,12,20,54,"Scramble tofu with spices, cook roti",1120,26,52,178,10,45,20,75
Menstrual,Non-Veg,Iron Boost Non-Veg,Chicken Liver Omelette,"Chicken liver (iron), eggs (iron), onions, spices",360,16,28,12,"Sauté liver, make omelette",Mutton Curry + Brown Rice,"Mutton (iron), brown rice, spices",520,20,34,62,"Pressure cook mutton curry, cook rice",Fish Fry + Palak Dal,"Fish (iron), spinach dal (iron)",420,16,30,46,"Marinate fish, shallow fry, cook palak dal",1300,52,92,120,25,45,30,100
Menstrual,Non-Veg,Recovery Protein,Egg Bhurji + Spinach Toast,"Eggs (iron), spinach (iron), whole wheat bread",330,14,22,36,"Scramble eggs with spinach, toast bread",Chicken Palak Curry + Roti,"Chicken, spinach (iron), wheat roti",500,16,36,56,"Cook palak chicken, make roti",Grilled Fish + Lentil Soup,"Fish (iron), masoor dal (iron), herbs",400,12,36,46,"Grill fish, cook lentil soup",1230,42,94,138,10,20,20,50
Menstrual,Non-Veg,Iron Strength,Boiled Eggs + Ragi Porridge,"Eggs (iron), ragi (iron), milk, jaggery",320,12,20,44,"Boil eggs, cook ragi porridge",Mutton Keema + Brown Rice,"Minced mutton (iron), brown rice, peas",510,18,34,62,"Cook keema with peas, cook rice",Chicken Liver Masala + Roti,"Chicken liver (iron), wheat roti, spices",420,16,30,46,"Cook liver masala, make roti",1250,46,84,152,20,20,20,60
Menstrual,Non-Veg,High Iron Meal,Scrambled Eggs + Sautéed Spinach,"Eggs (iron), spinach (iron), butter, spices",310,14,22,14,"Scramble eggs, sauté spinach with garlic",Prawn Palak Curry + Rice,"Prawns (iron), spinach (iron), rice",490,12,34,64,"Cook prawn palak, cook rice",Chicken Soup + Bajra Roti,"Chicken, bajra (iron), vegetables",400,14,30,50,"Boil chicken soup, cook bajra roti",1200,40,86,128,25,20,20,65
Menstrual,Non-Veg,Healing Proteins,Chicken Keema Paratha,"Chicken mince (iron), whole wheat flour",360,14,28,42,"Cook keema, stuff paratha",Fish Curry + Brown Rice + Spinach,"Fish (iron), brown rice, spinach",500,14,34,66,"Prepare fish curry, cook rice, wilt spinach",Mutton Soup + Toast,"Mutton (iron), whole wheat bread, herbs",400,16,28,46,"Pressure cook mutton soup, toast bread",1260,44,90,154,20,20,45,85
Menstrual,Non-Veg,Iron Repair,Egg Curry + Appam,"Eggs (iron), coconut milk appam",360,14,22,48,"Boil eggs, make curry, prepare appam",Mutton Biryani + Raita,"Mutton (iron), basmati rice, curd",540,20,34,68,"Layer mutton and rice, dum cook",Grilled Chicken Salad + Lentil Soup,"Chicken, masoor dal (iron), greens",400,12,34,50,"Grill chicken, cook soup",1300,46,90,166,20,45,20,85
Menstrual,Non-Veg,Blood Building,Chicken Liver Sandwich,"Chicken liver (iron), whole wheat bread, lettuce",340,14,26,34,"Cook liver with spices, assemble sandwich",Fish Palak Curry + Millet Rice,"Fish (iron), spinach (iron), millet rice",500,14,34,66,"Prepare fish palak, cook millet rice",Mutton Soup + Ragi Roti,"Mutton (iron), ragi roti (iron)",400,16,28,46,"Cook soup, prepare ragi roti",1240,44,88,146,10,20,20,50
Menstrual,Non-Veg,Non-Veg Nourish,Prawn Scramble + Toast,"Prawns (iron), eggs (iron), whole wheat",330,12,26,36,"Cook prawns with eggs, toast bread",Chicken Methi Curry + Brown Rice,"Chicken, fenugreek (iron), brown rice",490,14,34,64,"Cook methi chicken, cook rice",Fish Tikka + Dal Soup,"Fish (iron), masoor dal (iron)",400,12,32,50,"Marinate fish, grill, cook dal",1220,38,92,150,10,20,30,60
Menstrual,Non-Veg,Deep Recovery,Sardines + Poha,"Sardines (iron), poha (iron-fortified), vegetables",320,12,22,38,Mix sardines with sautéed poha,Chicken Rajma Bowl + Brown Rice,"Chicken, rajma (iron), brown rice",510,16,36,64,"Cook chicken with rajma, serve on rice",Mutton Methi Curry + Roti,"Mutton (iron), fenugreek (iron), wheat roti",410,16,28,50,"Cook methi mutton, make roti",1240,44,86,152,10,20,20,50
Menstrual,Non-Veg,Strength Complete,Egg Palak Paratha,"Spinach (iron), eggs (iron), whole wheat",350,14,22,46,Stuff paratha with egg-spinach mix,Fish Biryani + Spinach Raita,"Fish (iron), basmati rice, spinach curd",520,16,34,68,"Layer fish and rice, cook dum style, make raita",Chicken Soup + Sesame Crackers,"Chicken, sesame seeds (iron), herbs",400,14,30,46,"Boil chicken soup, serve with sesame crackers",1270,44,86,160,10,35,20,65
Menstrual,Non-Veg,Iron Complete,Turkey/Chicken Stew + Brown Rice,"Chicken (iron), vegetables, brown rice",480,14,36,58,"Slow cook stew, cook rice",Mutton Keema Pasta + Spinach,"Mutton mince (iron), whole wheat pasta, spinach (iron)",500,18,34,62,"Cook keema sauce, boil pasta, wilt spinach",Grilled Fish + Ragi Roti + Salad,"Fish (iron), ragi roti (iron), greens",410,12,32,56,"Grill fish, cook ragi roti, toss salad",1390,44,102,176,45,20,10,75
Menstrual,Non-Veg,Menstrual End Non-Veg,Boiled Egg + Ragi Dosa,"Eggs (iron), ragi dosa (iron), sambar",330,12,20,44,"Boil eggs, make ragi dosa, prepare sambar",Prawn Curry + Brown Rice,"Prawns (iron), brown rice, coconut",490,12,34,64,"Cook prawn curry, cook rice",Chicken Methi Dal + Roti,"Chicken, fenugreek dal (iron), wheat roti",400,14,30,52,"Cook methi dal with chicken, make roti",1220,38,84,160,20,20,20,60
Follicular,Vegetarian,Metabolism Kick,Moong Dal Cheela + Green Chutney,"Moong dal (iron), vegetables, coriander chutney",280,6,16,42,"Soak moong, grind, make pancakes, prepare chutney",Quinoa Khichdi + Spinach Salad,"Quinoa (iron), moong dal (iron), spinach (iron)",450,10,22,66,"Cook quinoa and dal together, toss spinach salad",Palak Paneer + Jowar Roti,"Spinach (iron), paneer, jowar flour (iron)",380,14,22,52,"Make palak gravy, cook jowar roti",1110,30,60,160,30,10,20,60
Follicular,Vegetarian,Spring Energy,Chia Seeds Smoothie Bowl,"Chia seeds (iron), banana, berries, almond milk",290,10,8,50,"Soak chia, blend banana-berry base, top with chia",Brown Rice Pongal + Sambar,"Brown rice, toor dal (iron), vegetables, sambar",460,10,18,74,"Cook pongal, prepare sambar",Tofu Tikka + Millet Roti,"Tofu (iron), millet flour (iron), spices",370,12,20,54,"Marinate tofu, grill, cook millet roti",1120,32,46,178,30,20,30,80
Follicular,Vegetarian,Fiber Boost,Flaxseed Oatmeal + Berries,"Oats, flaxseeds (iron), mixed berries, honey",280,10,10,48,"Cook oats, stir in flaxseeds, top with berries",Rajma + Quinoa Bowl + Greens,"Rajma (iron), quinoa (iron), spinach (iron)",460,10,22,70,"Pressure cook rajma, cook quinoa, assemble bowl",Lentil Soup + Whole Wheat Bread,"Masoor dal (iron), whole wheat bread, herbs",360,8,18,58,"Cook lentil soup, toast bread",1100,28,50,176,20,45,10,75
Follicular,Vegetarian,Hormone Balance,Almond Milk Ragi Porridge,"Ragi (iron), almond milk, dates (iron)",290,8,10,50,Cook ragi porridge with almond milk and dates,Chole + Brown Rice + Salad,"Chickpeas (iron), brown rice, cucumber salad",470,10,20,76,"Pressure cook chole, cook rice, prepare salad",Palak Corn Soup + Multigrain Roti,"Spinach (iron), sweet corn, multigrain flour",360,8,14,60,"Prepare spinach-corn soup, cook roti",1120,26,44,186,20,45,20,85
Follicular,Vegetarian,Lean Phase,Green Smoothie + Pumpkin Seeds,"Spinach (iron), banana, pumpkin seeds (iron)",270,10,10,44,"Blend spinach-banana smoothie, top with seeds",Vegetable Quinoa Biryani + Raita,"Quinoa (iron), mixed vegetables, curd",460,10,18,74,"Cook quinoa biryani, prepare raita",Tofu Palak Stir-fry + Brown Rice,"Tofu (iron), spinach (iron), brown rice",370,12,20,56,"Stir-fry tofu and spinach, cook rice",1100,32,48,174,10,45,20,75
Follicular,Vegetarian,Active Phase Veg,Sesame Banana Toast,"Whole wheat bread, sesame butter (iron), banana",280,10,10,46,"Toast bread, spread sesame butter, top with banana",Masoor Dal + Jeera Rice + Spinach,"Masoor dal (iron), jeera rice, spinach (iron)",450,8,20,70,"Cook dal, prepare jeera rice, wilt spinach",Paneer Bhurji + Bajra Roti,"Paneer, bajra flour (iron), spices",370,14,22,50,"Scramble paneer with spices, cook bajra roti",1100,32,52,166,10,20,20,50
Follicular,Vegetarian,Digestive Health,Probiotic Smoothie + Flaxseeds,"Curd, mango, flaxseeds (iron), honey",270,6,10,48,"Blend curd-mango smoothie, stir in flaxseeds",Vegetable Dal Soup + Millet Roti,"Mixed dal (iron), millet flour (iron), vegetables",440,10,18,68,"Cook dal soup, prepare millet roti",Paneer Tikka + Brown Rice + Salad,"Paneer, brown rice, greens",370,14,22,52,"Marinate paneer, grill, cook rice",1080,30,50,168,10,20,30,60
Follicular,Vegetarian,Follicular Glow,Avocado Ragi Toast,"Ragi bread (iron), avocado, seeds",290,12,10,44,"Toast ragi bread, mash avocado, top with seeds",Lobia Curry + Brown Rice,"Black-eyed peas (iron), brown rice, spices",460,8,20,74,"Pressure cook lobia, cook rice",Spinach Mushroom Soup + Whole Wheat Croutons,"Spinach (iron), mushrooms (iron), whole wheat",360,8,14,58,"Blend spinach mushroom soup, bake croutons",1110,28,44,176,10,45,35,90
Follicular,Vegetarian,Energy Builder,Jaggery Oats + Almonds,"Oats, jaggery, almonds (iron), cardamom",280,10,10,48,"Cook oats with jaggery, top with almonds",Rajma Rice Bowl + Spinach,"Rajma (iron), brown rice, spinach (iron)",460,10,20,72,"Cook rajma, assemble bowl with spinach",Palak Soup + Sesame Crackers,"Spinach (iron), sesame (iron), broth",360,10,14,56,"Blend palak soup, serve with sesame crackers",1100,30,44,176,20,10,10,40
Follicular,Vegetarian,Metabolism Max,Multigrain Toast + Peanut Butter,"Multigrain bread, peanut butter (iron), banana",300,12,12,48,"Toast bread, spread peanut butter, slice banana",Chana Dal + Quinoa Bowl + Greens,"Chana dal (iron), quinoa (iron), mixed greens",460,10,22,70,"Cook dal, prepare quinoa, assemble bowl",Tofu Methi Curry + Brown Rice,"Tofu (iron), fenugreek (iron), brown rice",360,12,18,56,"Cook methi-tofu curry, cook rice",1120,34,52,174,10,10,20,40
Follicular,Vegetarian,Follicular Strength,Ragi Idli + Sambar,"Ragi (iron), toor dal sambar (iron), coconut chutney",290,6,12,52,"Steam ragi idlis, prepare sambar and chutney",Kidney Bean Soup + Millet Roti,"Rajma (iron), millet flour (iron), herbs",450,8,22,68,"Cook bean soup, prepare millet roti",Palak Paneer Paratha + Curd,"Spinach (iron), paneer, whole wheat flour",370,14,20,54,"Stuff paratha with palak paneer, serve with curd",1110,28,54,174,20,20,20,60
Follicular,Vegetarian,Phase Vitality,Hemp Seed Oatmeal,"Oats, hemp seeds (iron), berries, almond milk",290,10,14,46,"Cook oats with almond milk, stir in hemp seeds, top with berries",Moth Bean Curry + Brown Rice,"Moth beans (iron), brown rice, coconut",460,10,22,70,"Pressure cook moth beans, cook rice",Spinach Corn Soup + Sesame Bread,"Spinach (iron), sweet corn, sesame bread (iron)",360,8,12,60,"Blend soup, toast sesame bread",1110,28,48,176,20,45,10,75
Follicular,Non-Veg,Lean Protein Start,Egg White Omelette + Spinach Toast,"Egg whites (iron), spinach (iron), whole wheat",290,8,24,30,"Whisk egg whites, cook omelette, serve with spinach toast",Grilled Chicken + Quinoa + Spinach,"Chicken breast, quinoa (iron), spinach (iron)",480,12,44,56,"Grill chicken, cook quinoa, wilt spinach",Fish Fry + Masoor Dal,"Fish (iron), masoor dal (iron), spices",390,12,38,42,"Marinate fish, shallow fry, cook dal",1160,32,106,128,10,20,30,60
Follicular,Non-Veg,Active Build,Chicken Omelette,"Eggs (iron), chicken, capsicum, onions",320,14,28,18,"Shred chicken, make omelette with veggies",Grilled Fish + Brown Rice + Spinach Salad,"Fish (iron), brown rice, spinach (iron)",480,12,38,60,"Grill fish, cook rice, toss spinach salad",Chicken Palak Curry + Roti,"Chicken, spinach (iron), whole wheat roti",390,12,34,50,"Cook palak chicken, make roti",1190,38,100,128,10,10,20,40
Follicular,Non-Veg,Performance Fuel,Boiled Eggs + Ragi Dosa + Sambar,"Eggs (iron), ragi (iron), toor dal sambar",330,12,22,44,"Boil eggs, make ragi dosa, prepare sambar",Chicken Methi Curry + Brown Rice,"Chicken, fenugreek (iron), brown rice",490,14,36,62,"Cook methi chicken, cook rice",Prawn Palak Stir-fry + Millet,"Prawns (iron), spinach (iron), millet (iron)",390,10,34,54,"Stir-fry prawns and spinach, cook millet",1210,36,92,160,20,20,20,60
Follicular,Non-Veg,Muscle Build,Chicken Sandwich + Spinach,"Whole wheat bread, chicken, spinach (iron)",320,12,28,38,"Grill chicken, assemble sandwich with spinach",Mutton Curry + Brown Rice,"Mutton (iron), brown rice, spices",490,18,34,60,"Pressure cook mutton, cook rice",Egg Curry + Roti,"Eggs (iron), whole wheat roti, curry spices",390,14,24,52,"Boil eggs, make curry, cook roti",1200,44,86,150,10,45,20,75
Follicular,Non-Veg,Strength Gains,Tuna Omelette,"Eggs (iron), tuna (iron), herbs, capsicum",320,12,32,10,"Mix tuna with eggs, cook omelette",Fish Curry + Quinoa,"Fish (iron), quinoa (iron), coconut milk",490,14,38,62,"Prepare fish curry, cook quinoa",Chicken Liver Masala + Roti,"Chicken liver (iron), whole wheat roti",390,14,30,48,"Cook liver masala, make roti",1200,40,100,120,10,20,20,50
Follicular,Non-Veg,Lean Mass Veg,Egg Bhurji + Multigrain Toast,"Eggs (iron), multigrain bread, vegetables",320,12,22,36,"Scramble eggs with vegetables, toast bread",Chicken Wrap + Spinach Salad,"Whole wheat tortilla, chicken, spinach (iron)",480,14,36,58,"Grill chicken, wrap with spinach and salad",Fish Tikka + Rajma Soup,"Fish (iron), rajma soup (iron)",400,12,36,54,"Marinate fish, grill, cook rajma soup",1200,38,94,148,10,20,30,60
Follicular,Non-Veg,Power Follicular,Sardines on Toast,"Sardines (iron), whole wheat bread, lemon",320,14,24,30,"Open sardines, serve on toasted bread",Prawn Curry + Brown Rice + Greens,"Prawns (iron), brown rice, spinach (iron)",490,12,34,66,"Cook prawn curry, cook rice, prepare greens",Chicken Steak + Lentil Soup,"Chicken breast, masoor dal (iron)",400,12,36,50,"Pan-sear chicken, cook lentil soup",1210,38,94,146,10,20,20,50
Follicular,Non-Veg,Follicular Fuel,Chicken Keema Paratha,"Chicken mince (iron), whole wheat flour",350,14,26,44,"Cook keema, stuff paratha",Fish Biryani + Spinach Raita,"Fish (iron), basmati rice, spinach curd",500,16,34,66,"Layer fish and rice, dum cook, make raita",Mutton Soup + Sesame Roti,"Mutton (iron), sesame roti (iron)",410,16,30,50,"Pressure cook soup, prepare sesame roti",1260,46,90,160,20,45,45,110
Follicular,Non-Veg,Metabolic Boost,Egg Palak Paratha + Curd,"Spinach (iron), eggs (iron), wheat flour, curd",350,14,22,46,"Stuff paratha with egg-spinach mix, serve with curd",Chicken Quinoa Bowl + Greens,"Chicken breast, quinoa (iron), mixed greens",480,12,40,58,"Cook quinoa, grill chicken, assemble bowl",Grilled Salmon + Palak Dal,"Salmon (iron), spinach dal (iron)",400,16,36,46,"Grill salmon, cook palak dal",1230,42,98,150,10,10,20,40
Follicular,Non-Veg,Phase Complete Non-Veg,Scrambled Eggs + Methi Toast,"Eggs (iron), fenugreek toast (iron)",310,12,22,34,"Scramble eggs, toast methi bread",Chicken Palak Stew + Brown Rice,"Chicken, spinach (iron), brown rice",490,14,36,62,"Slow cook stew, cook rice",Prawn Methi Masala + Roti,"Prawns (iron), fenugreek (iron), wheat roti",400,12,32,54,"Cook prawn methi masala, make roti",1200,38,90,150,10,45,20,75
Ovulation,Vegetarian,Peak Vitality,Greek Yogurt + Pumpkin Seeds + Berries,"Greek yogurt, pumpkin seeds (iron), mixed berries, honey",290,10,16,44,Layer yogurt with seeds and berries,Chickpea Salad Bowl + Quinoa,"Chickpeas (iron), quinoa (iron), cucumber, tomato",490,10,22,76,"Cook quinoa, toss chickpea salad, combine",Vegetable Palak Soup + Multigrain Roti,"Spinach (iron), mixed vegetables, multigrain flour",380,8,16,62,"Blend palak soup, cook multigrain roti",1160,28,54,182,35,10,10,55
Ovulation,Vegetarian,Antioxidant Rich,Berry Chia Pudding,"Chia seeds (iron), mixed berries, almond milk",280,10,8,48,"Soak chia overnight, top with berries",Rajma Quinoa Bowl + Spinach,"Rajma (iron), quinoa (iron), spinach (iron), lemon",490,10,22,76,"Pressure cook rajma, cook quinoa, add spinach",Baked Sweet Potato + Palak Dal,"Sweet potato, palak dal (iron), spices",380,8,16,64,"Bake sweet potato, cook palak dal",1150,28,46,188,45,45,35,125
Ovulation,Vegetarian,Hormone Peak,Flaxseed Ragi Smoothie,"Ragi (iron), flaxseeds (iron), banana, almond milk",290,10,10,50,Blend ragi-banana smoothie with flaxseeds,Paneer Palak Biryani,"Paneer, spinach (iron), basmati rice",500,16,24,74,"Prepare palak paneer, layer with rice, dum cook",Lobia Curry + Jowar Roti,"Black-eyed peas (iron), jowar flour (iron)",380,8,20,60,"Pressure cook lobia, cook jowar roti",1170,34,54,184,10,45,45,100
Ovulation,Vegetarian,Peak Phase Veg,Walnut Berry Overnight Oats,"Oats, walnuts (iron), mixed berries, chia (iron)",290,12,12,48,"Mix oats with milk, refrigerate overnight, add toppings",Horsegram Dal + Brown Rice + Greens,"Horsegram (iron), brown rice, greens",490,8,24,76,"Pressure cook horsegram, cook rice, prepare greens",Tofu Tikka + Millet Salad,"Tofu (iron), foxtail millet (iron), vegetables",380,12,20,60,"Grill tofu, cook millet, toss salad",1160,32,56,184,45,45,10,100
Ovulation,Vegetarian,Ovulation Boost,Sesame Amaranth Granola + Milk,"Puffed amaranth (iron), sesame (iron), milk",290,10,12,48,Mix granola with warm milk,Chole Tikki Chaat + Greens,"Chickpeas (iron), potato patty, greens",490,10,20,78,"Prepare chole, make tikkis, assemble chaat",Paneer Methi Curry + Bajra Roti,"Paneer, fenugreek (iron), bajra flour (iron)",390,14,22,60,"Cook methi paneer, cook bajra roti",1170,34,54,186,10,10,20,40
Ovulation,Vegetarian,Vitality Foods,Almond Date Smoothie,"Almonds (iron), dates (iron), banana, milk",290,10,10,50,Blend all ingredients until smooth,Quinoa Rajma Bowl + Salad,"Quinoa (iron), rajma (iron), mixed salad",490,10,22,76,"Cook quinoa, heat rajma, assemble bowl",Palak Mushroom Curry + Brown Rice,"Spinach (iron), mushrooms (iron), brown rice",380,10,16,62,"Sauté mushrooms and palak, cook rice",1160,30,48,188,10,10,20,40
Ovulation,Vegetarian,Reproductive Health,Pumpkin Seed Oatmeal + Berries,"Oats, pumpkin seeds (iron), berries, honey",290,10,12,48,"Cook oats, top with pumpkin seeds and berries",Masoor Dal + Jeera Rice + Spinach Salad,"Masoor dal (iron), jeera rice, spinach (iron)",490,8,22,76,"Cook dal, prepare jeera rice, toss salad",Besan Chilla + Palak Chutney,"Besan (iron), spinach chutney (iron)",380,10,18,60,"Make chickpea pancakes, prepare palak chutney",1160,28,52,184,20,10,20,50
Ovulation,Vegetarian,Full Bloom Veg,Ragi Banana Pancakes,"Ragi (iron), banana, jaggery, milk",290,8,10,52,"Whisk batter, cook pancakes",Vegetable Iron Bowl + Brown Rice,"Spinach (iron), tofu (iron), chickpeas (iron), brown rice",500,12,22,78,"Sauté iron-rich veggies, cook rice, assemble bowl",Palak Paneer Soup + Sesame Roti,"Spinach (iron), paneer, sesame roti (iron)",380,12,18,58,"Blend palak paneer soup, serve with sesame roti",1170,32,50,188,20,10,10,40
Ovulation,Non-Veg,Peak Fertility,Smoked Salmon + Eggs + Rye Toast,"Salmon (iron), eggs (iron), rye bread",350,16,36,28,"Soft-scramble eggs, serve with salmon and toast",Prawn Palak Curry + Brown Rice,"Prawns (iron), spinach (iron), brown rice",530,14,40,70,"Cook prawn palak, cook rice",Chicken Steak + Lentil Soup,"Chicken breast, masoor dal (iron)",420,14,40,52,"Pan-sear chicken, cook lentil soup",1300,44,116,150,10,20,20,50
Ovulation,Non-Veg,Hormone Strength,Chicken Liver Omelette + Toast,"Chicken liver (iron), eggs (iron), whole wheat",360,14,28,34,"Cook liver, make omelette, serve with toast",Mutton Palak Curry + Brown Rice,"Mutton (iron), spinach (iron), brown rice",540,18,38,68,"Cook mutton palak, cook rice",Grilled Fish + Rajma Salad,"Fish (iron), rajma (iron), vegetables",420,12,38,56,"Grill fish, toss rajma salad",1320,44,104,158,10,20,10,40
Ovulation,Non-Veg,Ovulation Power,Egg Palak Paratha,"Eggs (iron), spinach (iron), whole wheat",360,14,24,44,Stuff paratha with egg-spinach mix,Fish Biryani + Spinach Raita,"Fish (iron), basmati rice, spinach curd (iron)",530,16,38,68,"Layer fish and rice, dum cook, make raita",Chicken Methi Soup + Sesame Crackers,"Chicken, fenugreek (iron), sesame (iron)",420,14,34,52,"Cook methi chicken soup, serve with crackers",1310,44,96,164,10,45,20,75
Ovulation,Non-Veg,Max Nutrition,Sardines + Quinoa Porridge,"Sardines (iron), quinoa (iron), herbs",340,14,30,36,"Cook quinoa with herbs, mix sardines",Chicken Quinoa Bowl + Spinach,"Chicken breast, quinoa (iron), spinach (iron)",530,12,44,66,"Grill chicken, cook quinoa, add spinach",Prawn Stir-fry + Millet + Greens,"Prawns (iron), millet (iron), spinach (iron)",420,10,36,60,"Stir-fry prawns, cook millet, add greens",1290,36,110,162,10,20,20,50
Ovulation,Non-Veg,Peak Non-Veg,Tuna Quinoa Bowl,"Tuna (iron), quinoa (iron), avocado, lemon",350,14,32,40,"Cook quinoa, mix with tuna and avocado",Mutton Curry + Brown Rice + Salad,"Mutton (iron), brown rice, spinach salad (iron)",540,18,36,70,"Cook mutton curry, cook rice, toss salad",Grilled Chicken + Palak Dal + Roti,"Chicken, palak dal (iron), wheat roti",420,12,38,56,"Grill chicken, cook palak dal, make roti",1310,44,106,166,10,10,20,40
Ovulation,Non-Veg,Fertility Fuel,Boiled Eggs + Ragi Toast,"Eggs (iron), ragi bread (iron), seeds",340,12,22,44,"Boil eggs, toast ragi bread, top with seeds",Fish Palak Curry + Quinoa,"Fish (iron), spinach (iron), quinoa (iron)",530,14,40,68,"Prepare fish palak curry, cook quinoa",Chicken Liver Soup + Millet Roti,"Chicken liver (iron), millet roti (iron)",420,14,32,54,"Slow cook liver soup, prepare millet roti",1290,40,94,166,10,20,45,75
Ovulation,Non-Veg,Complete Ovulation,Chicken Methi Paratha,"Chicken (iron), fenugreek (iron), whole wheat",360,14,28,42,"Cook methi chicken, stuff paratha",Prawn Methi Curry + Brown Rice,"Prawns (iron), fenugreek (iron), brown rice",530,12,38,70,"Cook prawn methi, cook rice",Mutton Soup + Sesame Bread,"Mutton (iron), sesame bread (iron)",420,16,30,54,"Pressure cook soup, toast sesame bread",1310,42,96,166,20,20,45,85
Ovulation,Non-Veg,Peak Phase Non-Veg,Fish Egg Omelette + Toast,"Fish (iron), eggs (iron), whole wheat",350,14,30,30,"Cook fish with eggs, make omelette",Chicken Rajma Bowl + Brown Rice,"Chicken, rajma (iron), brown rice",530,14,40,68,"Cook chicken with rajma, serve on rice",Grilled Salmon + Palak Dal + Roti,"Salmon (iron), palak dal (iron), wheat roti",420,16,38,52,"Grill salmon, cook palak dal, make roti",1300,44,108,150,20,20,20,60
Luteal,Vegetarian,PMS Comfort,Dark Chocolate Oatmeal + Almonds,"Oats, dark chocolate (iron), almonds (iron), banana",300,12,12,50,"Cook oats, stir in dark chocolate, top with almonds",Rajma Bowl + Brown Rice + Salad,"Rajma (iron), brown rice, cucumber-tomato salad",460,10,22,74,"Pressure cook rajma, cook rice, toss salad",Palak Dal + Chapati,"Spinach (iron), toor dal (iron), whole wheat",380,10,20,60,"Cook palak dal, make chapati",1140,32,54,184,20,45,20,85
Luteal,Vegetarian,Mood Stability,Jaggery Ragi Porridge,"Ragi (iron), jaggery, milk, cashews",290,8,10,52,Cook ragi with milk and jaggery,Chole Biryani + Raita,"Chickpeas (iron), basmati rice, curd",480,10,22,78,"Layer chole with rice, dum cook, prepare raita",Methi Paneer + Bajra Roti,"Fenugreek (iron), paneer, bajra flour (iron)",380,14,22,54,"Cook methi paneer, prepare bajra roti",1150,32,54,184,20,45,20,85
Luteal,Vegetarian,Calm Phase,Warm Milk + Dates + Oats,"Oats, dates (iron), warm milk, cardamom",290,8,12,52,"Soak oats overnight, warm with milk, add dates",Lentil Vegetable Soup + Millet Roti,"Masoor dal (iron), mixed vegetables, millet flour",460,8,20,74,"Cook lentil soup, prepare millet roti",Tofu Palak Curry + Brown Rice,"Tofu (iron), spinach (iron), brown rice",370,12,20,56,"Cook tofu palak, cook rice",1120,28,52,182,45,20,20,85
Luteal,Vegetarian,Serotonin Foods,Banana Walnut Smoothie,"Banana, walnuts (iron), flaxseeds (iron), milk",280,12,10,46,Blend banana and walnuts with milk,Horsegram Dal + Jeera Rice,"Horsegram (iron), jeera rice, tempering",470,8,24,76,"Pressure cook horsegram, cook rice",Spinach Mushroom Curry + Roti,"Spinach (iron), mushrooms (iron), wheat roti",370,10,18,58,"Sauté mushrooms and spinach, cook roti",1120,30,52,180,10,45,20,75
Luteal,Vegetarian,Craving Control,Peanut Butter Banana Toast,"Whole wheat bread, peanut butter (iron), banana",300,12,12,50,"Toast bread, spread peanut butter, slice banana",Rajma Quinoa Soup + Spinach,"Rajma (iron), quinoa (iron), spinach (iron)",470,10,22,74,"Cook soup, add spinach at end",Paneer Bhurji + Bajra Roti,"Paneer, bajra (iron), onions, tomatoes",380,14,22,52,"Scramble paneer with spices, cook bajra roti",1150,36,56,176,10,20,20,50
Luteal,Vegetarian,Anti-Bloat,Ginger Turmeric Oatmeal,"Oats, ginger, turmeric, jaggery, milk",280,6,10,50,Cook oats with spices and jaggery,Moong Dal Khichdi + Palak,"Moong dal (iron), rice, spinach (iron), ghee",450,10,20,72,"Pressure cook khichdi, add spinach",Bhindi Masala + Millet Roti,"Bhindi (iron), millet flour (iron), spices",370,8,14,62,"Sauté bhindi, prepare millet roti",1100,24,44,184,20,45,20,85
Luteal,Vegetarian,Luteal Comfort,Quinoa Breakfast Bowl + Seeds,"Quinoa (iron), pumpkin seeds (iron), banana, honey",300,10,12,52,"Cook quinoa, top with seeds and banana",Palak Chana Masala + Brown Rice,"Spinach (iron), chickpeas (iron), brown rice",470,10,22,76,"Cook palak chana, cook rice",Lobia Soup + Sesame Roti,"Black-eyed peas (iron), sesame roti (iron)",370,10,18,58,"Cook lobia soup, bake sesame roti",1140,30,52,186,20,20,35,75
Luteal,Vegetarian,Stress Relief Veg,Chamomile Chia Pudding,"Chia seeds (iron), almond milk, chamomile honey",270,10,6,48,"Soak chia with almond milk, add chamomile honey",Vegetable Biryani + Raita,"Brown rice, mixed vegetables, spinach raita (iron)",470,10,18,78,"Cook biryani, prepare spinach raita",Methi Dal + Jowar Roti,"Fenugreek (iron), toor dal (iron), jowar flour",370,8,18,62,"Cook methi dal, prepare jowar roti",1110,28,42,188,30,45,20,95
Luteal,Vegetarian,Pre-Period Prep,Iron Boost Smoothie + Toast,"Spinach (iron), banana, almond milk, flaxseeds (iron)",280,8,10,48,"Blend spinach-banana smoothie, serve with whole wheat toast",Rajma Brown Rice Bowl + Spinach Salad,"Rajma (iron), brown rice, spinach (iron)",470,10,22,74,"Pressure cook rajma, cook rice, toss salad",Tofu Methi Stir-fry + Millet,"Tofu (iron), fenugreek (iron), millet (iron)",370,12,20,56,"Stir-fry tofu with methi, cook millet",1120,30,52,178,10,45,20,75
Luteal,Vegetarian,Hormonal Balance,Almond Sesame Oatmeal,"Oats, almonds (iron), sesame seeds (iron), honey",290,12,12,48,"Cook oats, stir in almonds and sesame",Chole Dal + Brown Rice + Salad,"Chickpeas (iron), brown rice, mixed salad",470,10,22,76,"Pressure cook chole, cook rice, toss salad",Spinach Paneer Soup + Multigrain Roti,"Spinach (iron), paneer, multigrain roti",370,12,18,58,"Blend spinach paneer soup, cook roti",1130,34,52,182,20,45,10,75
Luteal,Vegetarian,Final Phase Veg,Ragi Pancakes + Jaggery Syrup,"Ragi (iron), jaggery, milk",290,8,10,52,"Whisk ragi batter, cook pancakes, drizzle jaggery",Horsegram Soup + Millet Roti,"Horsegram (iron), millet flour (iron), herbs",460,8,22,72,"Cook horsegram soup, prepare millet roti",Palak Dal Tadka + Brown Rice,"Spinach (iron), toor dal (iron), brown rice",370,10,20,58,"Cook palak dal with tempering, cook rice",1120,26,52,182,20,20,20,60
Luteal,Vegetarian,Cycle End Veg,Beetroot Ragi Smoothie,"Beetroot (iron), ragi (iron), banana, milk",280,6,10,50,Blend beetroot-ragi smoothie,Vegetable Iron Khichdi,"Spinach (iron), moong dal (iron), rice, ghee",460,10,20,72,Pressure cook iron-rich khichdi,Tofu Palak Tikka + Brown Rice,"Tofu (iron), spinach (iron), brown rice",370,12,20,56,"Marinate tofu, grill, cook rice",1110,28,50,178,10,45,30,85
Luteal,Non-Veg,PMS Protein,Chicken Liver Paratha,"Chicken liver (iron), whole wheat flour, spices",370,14,28,44,"Cook liver with spices, stuff paratha",Mutton Palak Curry + Brown Rice,"Mutton (iron), spinach (iron), brown rice",520,18,38,66,"Cook mutton palak, cook rice",Prawn Soup + Sesame Toast,"Prawns (iron), sesame toast (iron)",410,14,32,52,"Cook prawn soup, toast sesame bread",1300,46,98,162,20,20,10,50
Luteal,Non-Veg,Calm Protein,Egg Palak Sandwich,"Eggs (iron), spinach (iron), whole wheat bread",330,12,22,38,"Scramble eggs with spinach, assemble sandwich",Fish Rajma Curry + Brown Rice,"Fish (iron), rajma (iron), brown rice",510,14,38,66,"Prepare fish curry with rajma, cook rice",Chicken Methi Soup + Millet Roti,"Chicken, fenugreek (iron), millet roti (iron)",400,14,32,52,"Cook methi chicken soup, prepare millet roti",1240,40,92,156,10,20,20,50
Luteal,Non-Veg,Mood Foods,Chicken Omelette + Ragi Toast,"Eggs (iron), chicken, ragi bread (iron)",350,14,28,38,"Make chicken omelette, toast ragi bread",Mutton Keema + Palak + Roti,"Mutton mince (iron), spinach (iron), wheat roti",520,18,36,62,"Cook iron-rich keema, prepare roti",Fish Tikka + Masoor Dal,"Fish (iron), masoor dal (iron), spices",410,12,36,52,"Grill fish tikka, cook masoor dal",1280,44,100,152,10,20,20,50
Luteal,Non-Veg,Stress Protein,Tuna Palak Omelette,"Tuna (iron), eggs (iron), spinach (iron)",340,14,32,14,"Mix tuna with eggs and spinach, cook omelette",Chicken Quinoa Bowl + Spinach Salad,"Chicken, quinoa (iron), spinach (iron)",510,12,42,64,"Grill chicken, cook quinoa, toss salad",Prawn Methi Curry + Brown Rice,"Prawns (iron), fenugreek (iron), brown rice",400,10,34,56,"Cook prawn methi, cook rice",1250,36,108,134,10,10,20,40
Luteal,Non-Veg,Luteal Strength,Boiled Eggs + Flaxseed Toast,"Eggs (iron), flaxseed bread (iron), seeds",330,12,22,38,"Boil eggs, toast flaxseed bread",Fish Palak Biryani + Raita,"Fish (iron), spinach (iron), rice, curd",520,16,38,68,"Layer fish palak with rice, dum cook, make raita",Mutton Soup + Bajra Roti,"Mutton (iron), bajra roti (iron)",410,16,30,52,"Pressure cook mutton soup, prepare bajra roti",1260,44,90,158,10,45,45,100
Luteal,Non-Veg,Pre-Period Non-Veg,Sardines + Multigrain Toast,"Sardines (iron), multigrain bread, lemon",330,12,24,34,"Toast bread, open sardines, serve with lemon",Chicken Palak Stew + Brown Rice,"Chicken, spinach (iron), brown rice",510,14,38,64,"Slow cook palak chicken stew, cook rice",Egg Methi Curry + Roti,"Eggs (iron), fenugreek (iron), whole wheat roti",410,14,26,54,"Cook methi egg curry, make roti",1250,40,88,152,10,45,20,75
Luteal,Non-Veg,Recovery Non-Veg,Chicken Liver Hash + Eggs,"Chicken liver (iron), eggs (iron), potato, onion",360,14,30,34,"Sauté liver with potato, top with fried egg",Mutton Soup + Millet Roti,"Mutton (iron), millet roti (iron)",510,18,34,62,"Pressure cook mutton soup, prepare millet roti",Grilled Fish + Palak Dal + Roti,"Fish (iron), palak dal (iron), wheat roti",400,12,36,52,"Grill fish, cook palak dal, make roti",1270,44,100,148,25,45,20,90
Luteal,Non-Veg,Final Luteal Non-Veg,Egg Bhurji + Ragi Toast,"Eggs (iron), ragi bread (iron), vegetables",340,12,22,42,"Scramble eggs with vegetables, toast ragi bread",Prawn Palak Curry + Quinoa,"Prawns (iron), spinach (iron), quinoa (iron)",520,12,40,68,"Cook prawn palak, cook quinoa",Chicken Methi Tikka + Masoor Dal,"Chicken, fenugreek (iron), masoor dal (iron)",400,12,34,54,"Marinate chicken, grill, cook masoor dal",1260,36,96,164,10,20,30,60
Luteal,Non-Veg,Cycle Complete Non-Veg,Poached Eggs + Spinach + Toast,"Eggs (iron), spinach (iron), whole wheat bread",340,12,24,38,"Poach eggs, wilt spinach, toast bread",Fish Methi Curry + Brown Rice,"Fish (iron), fenugreek (iron), brown rice",510,14,38,64,"Cook fish methi curry, cook rice",Mutton Keema Roti + Raita,"Mutton mince (iron), wheat roti, curd",410,16,30,52,"Cook keema, serve in roti with raita",1260,42,92,154,10,20,20,50
Luteal,Non-Veg,Iron Complete Luteal,Salmon + Ragi Porridge,"Salmon (iron), ragi (iron), milk, herbs",350,14,28,40,"Cook ragi porridge, top with smoked salmon",Chicken Palak Curry + Millet Roti,"Chicken, spinach (iron), millet roti (iron)",510,14,38,62,"Cook chicken palak, prepare millet roti",Prawn Rajma Bowl + Brown Rice,"Prawns (iron), rajma (iron), brown rice",410,10,36,58,"Cook prawn rajma, serve on rice",1270,38,102,160,20,20,20,60
Menstrual,Vegetarian,Anemia Fighter,Til Roti + Spinach Curd,"Sesame roti (iron), spinach curd (iron), spices",310,10,14,48,"Knead sesame dough, cook roti, prepare spinach curd",Rajma Spinach Soup + Brown Rice,"Rajma (iron), spinach (iron), brown rice",470,10,22,74,"Cook rajma spinach soup, serve with rice",Palak Tofu Stir-fry + Jowar Roti,"Spinach (iron), tofu (iron), jowar (iron)",380,12,22,54,"Stir-fry tofu and spinach, cook jowar roti",1160,32,58,176,20,20,20,60
Menstrual,Vegetarian,Fortify Blood,Pumpkin Seed Ragi Pancakes,"Ragi (iron), pumpkin seeds (iron), banana",300,10,12,52,"Blend batter, cook pancakes, top with seeds",Chana Palak Curry + Millet Rice,"Chickpeas (iron), spinach (iron), millet rice (iron)",470,10,22,74,"Cook palak chana, cook millet",Lentil Vegetable Stew + Sesame Bread,"Masoor dal (iron), sesame bread (iron)",380,10,18,58,"Cook lentil stew, toast sesame bread",1150,30,52,184,10,20,10,40
Menstrual,Vegetarian,Period Care Veg,Dates Almond Porridge,"Oats, dates (iron), almonds (iron), milk",300,10,12,52,"Cook oats with milk, stir in dates and almonds",Moth Bean Curry + Brown Rice,"Moth beans (iron), brown rice, coconut",470,10,22,74,"Pressure cook moth beans, cook rice",Spinach Corn Soup + Multigrain Roti,"Spinach (iron), sweet corn, multigrain",380,8,16,62,"Blend spinach-corn soup, cook roti",1150,28,50,188,20,45,10,75
Menstrual,Vegetarian,Healing Day,Sesame Poha + Peanuts,"Poha (iron), sesame (iron), peanuts (iron)",280,10,12,44,"Rinse poha, roast seeds and peanuts, sauté",Rajma Tikki + Chole Gravy,"Kidney bean patties (iron), chickpea gravy (iron)",470,12,22,72,"Make rajma patties, prepare chole",Palak Shorba + Bajra Roti,"Spinach soup (iron), bajra roti (iron)",380,10,16,60,"Blend palak shorba, cook bajra roti",1130,32,50,176,35,20,10,65
Menstrual,Vegetarian,Iron Support,Flaxseed Banana Smoothie + Ragi Toast,"Flaxseeds (iron), banana, ragi toast (iron)",300,10,10,52,"Blend smoothie, toast ragi bread",Masoor Dal + Quinoa Bowl + Greens,"Masoor dal (iron), quinoa (iron), greens",470,8,22,74,"Cook dal, cook quinoa, assemble bowl",Tofu Bhurji + Methi Roti,"Tofu (iron), fenugreek roti (iron), spices",380,12,20,56,"Scramble tofu with spices, cook methi roti",1150,30,52,182,10,10,20,40
Menstrual,Non-Veg,Iron Force,Chicken Liver Bhurji + Toast,"Chicken liver (iron), eggs (iron), whole wheat",360,16,30,30,"Scramble liver with eggs and spices, toast bread",Mutton Rajma Bowl + Brown Rice,"Mutton (iron), rajma (iron), brown rice",540,20,38,68,"Cook mutton rajma, serve on rice",Fish Palak Curry + Roti,"Fish (iron), spinach (iron), wheat roti",420,14,34,54,"Prepare fish palak curry, make roti",1320,50,102,152,10,20,20,50
Menstrual,Non-Veg,Muscle Recovery,Prawn Omelette + Spinach Toast,"Prawns (iron), eggs (iron), spinach (iron) toast",350,14,30,30,"Cook prawn omelette, serve with spinach toast",Chicken Methi Biryani + Raita,"Chicken, fenugreek (iron), basmati rice, curd",530,16,36,68,"Cook biryani, prepare raita",Mutton Soup + Sesame Roti,"Mutton (iron), sesame roti (iron)",400,16,30,50,"Pressure cook soup, bake sesame roti",1280,46,96,148,10,45,45,100
Menstrual,Non-Veg,Power Recovery,Egg Methi Paratha + Curd,"Eggs (iron), fenugreek (iron), wheat flour, curd",360,14,24,44,"Stuff paratha, serve with curd",Fish Curry + Rajma Rice,"Fish (iron), rajma (iron), rice",530,14,38,72,"Prepare fish curry, cook rajma rice",Chicken Shorba + Bajra Bread,"Chicken, bajra bread (iron), herbs",400,14,30,52,"Slow cook shorba, serve with bread",1290,42,92,168,25,20,45,90
Menstrual,Non-Veg,Max Iron NV,Sardine Egg Bowl + Brown Rice,"Sardines (iron), eggs (iron), brown rice, spinach (iron)",360,14,32,38,"Mix sardines with eggs, cook on rice with spinach",Mutton Palak Khichdi,"Mutton (iron), spinach (iron), rice, moong dal",540,18,36,68,Cook iron-rich khichdi with mutton and palak,Grilled Prawns + Masoor Dal + Roti,"Prawns (iron), masoor dal (iron), wheat roti",400,12,36,52,"Grill prawns, cook masoor dal, make roti",1300,44,104,158,10,20,20,50
Menstrual,Non-Veg,Full Repair,Chicken Keema Ragi Paratha,"Chicken mince (iron), ragi flour (iron), spices",370,14,28,46,"Cook keema, stuff ragi paratha",Fish Methi Curry + Brown Rice,"Fish (iron), fenugreek (iron), brown rice",530,14,38,70,"Cook fish methi curry, cook rice",Mutton Methi Soup + Millet Roti,"Mutton (iron), fenugreek (iron), millet roti (iron)",400,16,30,50,"Cook methi mutton soup, prepare millet roti",1300,44,96,166,20,20,20,60
Follicular,Vegetarian,New Cycle Energy,Green Goddess Smoothie Bowl,"Spinach (iron), kiwi, banana, hemp seeds (iron)",280,10,12,46,"Blend smoothie, top with hemp seeds",Brown Rice Palak Khichdi,"Brown rice, spinach (iron), moong dal (iron), ghee",460,10,20,72,Pressure cook iron-rich khichdi,Besan Palak Cheela + Curd,"Besan (iron), spinach (iron), curd",360,10,18,56,"Make palak besan pancakes, serve with curd",1100,30,50,174,10,45,20,75
Follicular,Vegetarian,Phase 2 Glow,Turmeric Milk Oats + Seeds,"Oats, turmeric milk, pumpkin seeds (iron)",280,10,10,48,"Cook oats with turmeric milk, add seeds",Quinoa Palak Bowl + Chickpeas,"Quinoa (iron), spinach (iron), chickpeas (iron)",470,10,24,72,"Cook quinoa, toss with spinach and chickpeas",Lobia Curry + Jowar Roti,"Black-eyed peas (iron), jowar flour (iron)",370,8,20,60,"Pressure cook lobia, cook jowar roti",1120,28,54,180,20,10,45,75
Follicular,Vegetarian,Hormone Boost,Almond Flaxseed Oatmeal,"Oats, almonds (iron), flaxseeds (iron), honey",290,12,12,48,"Cook oats, stir in almonds and flaxseeds",Masoor Dal Soup + Millet Roti + Salad,"Masoor dal (iron), millet roti (iron), spinach salad",460,8,20,74,"Cook lentil soup, prepare roti and salad",Tofu Tikka + Quinoa,"Tofu (iron), quinoa (iron), spices",370,12,20,56,"Grill tofu, cook quinoa",1120,32,52,178,20,20,20,60
Follicular,Vegetarian,Follicular Fiber,Chia Ragi Pudding + Berries,"Chia (iron), ragi (iron), almond milk, berries",280,10,8,50,"Mix ragi-chia pudding, refrigerate, add berries",Rajma Masala + Brown Rice,"Rajma (iron), brown rice, spices",470,10,22,76,"Pressure cook rajma, cook rice",Palak Mushroom Stir-fry + Millet Roti,"Spinach (iron), mushrooms (iron), millet (iron)",370,10,16,62,"Stir-fry, cook roti",1120,30,46,188,10,45,20,75
Follicular,Vegetarian,Energize Veg,Sesame Honey Toast + Banana,"Sesame bread (iron), honey, banana",280,10,10,48,"Toast sesame bread, drizzle honey, slice banana",Horsegram Curry + Brown Rice + Greens,"Horsegram (iron), brown rice, spinach greens (iron)",470,8,24,76,"Pressure cook horsegram, cook rice",Palak Paneer Soup + Roti,"Spinach (iron), paneer, wheat roti",370,12,18,58,"Blend soup, cook roti",1120,30,52,182,10,45,10,65
Follicular,Vegetarian,Lean Veg Build,Walnut Oat Smoothie,"Oats, walnuts (iron), dates (iron), milk",290,12,10,50,Blend all ingredients,Chana Quinoa Salad Bowl + Spinach,"Chickpeas (iron), quinoa (iron), spinach (iron)",470,10,22,74,"Cook quinoa, toss chickpea-spinach salad",Tofu Methi Curry + Bajra Roti,"Tofu (iron), methi (iron), bajra roti (iron)",370,12,20,56,"Cook tofu methi, prepare bajra roti",1130,34,52,180,10,10,20,40
Follicular,Non-Veg,Phase Build NV,Smoked Salmon + Quinoa Oats,"Salmon (iron), quinoa (iron), oats, herbs",340,14,28,40,"Cook quinoa-oat mix, top with smoked salmon",Chicken Palak Biryani + Raita,"Chicken, spinach (iron), basmati, curd",510,14,38,64,"Layer palak chicken with rice, dum cook",Prawn Methi Curry + Brown Rice,"Prawns (iron), fenugreek (iron), brown rice",400,10,34,58,"Cook prawn methi, cook rice",1250,38,100,162,10,45,20,75
Follicular,Non-Veg,Active Non-Veg,Chicken Spinach Wrap,"Chicken, spinach (iron), whole wheat tortilla",330,12,28,38,"Grill chicken with spinach, wrap",Fish Tikka + Rajma Rice,"Fish (iron), rajma (iron), rice",500,14,38,64,"Grill fish tikka, cook rajma rice",Mutton Methi Soup + Roti,"Mutton (iron), fenugreek (iron), wheat roti",400,16,30,52,"Cook methi mutton soup, make roti",1230,42,96,154,20,20,20,60
Follicular,Non-Veg,Follicular Fuel NV,Egg Chia Omelette + Ragi Toast,"Eggs (iron), chia seeds (iron), ragi toast (iron)",340,14,24,38,"Make chia-egg omelette, toast ragi bread",Prawn Palak Curry + Quinoa,"Prawns (iron), spinach (iron), quinoa (iron)",500,12,38,64,"Cook prawn palak, cook quinoa",Chicken Liver Masala + Millet Roti,"Chicken liver (iron), millet roti (iron)",400,14,30,50,"Cook liver masala, prepare millet roti",1240,40,92,152,10,20,20,50
Follicular,Non-Veg,Max Follicular NV,Tuna Palak Wrap,"Tuna (iron), spinach (iron), whole wheat tortilla",340,12,30,36,"Mix tuna with palak, wrap",Fish Biryani + Rajma Raita,"Fish (iron), basmati, rajma raita (iron)",500,16,36,66,"Cook fish biryani, prepare rajma raita",Mutton Palak Soup + Sesame Bread,"Mutton (iron), spinach (iron), sesame bread (iron)",400,16,30,52,"Cook mutton palak soup, toast bread",1240,44,96,154,10,45,10,65
Ovulation,Vegetarian,Ovulation Glow,Moringa Smoothie + Seeds,"Moringa (iron), banana, pumpkin seeds (iron), almond milk",290,10,10,50,"Blend moringa smoothie, top with seeds",Chana Palak Biryani + Raita,"Chickpeas (iron), spinach (iron), basmati rice, curd",500,12,22,80,"Layer chana palak with rice, dum cook, make raita",Lobia Dal + Bajra Roti,"Black-eyed peas (iron), bajra flour (iron)",380,8,20,60,"Cook lobia dal, prepare bajra roti",1170,30,52,190,10,45,20,75
Ovulation,Vegetarian,Peak Iron Veg,Hemp Seed Ragi Bowl,"Ragi (iron), hemp seeds (iron), banana, milk",300,12,12,52,"Cook ragi, top with hemp seeds and banana",Horsegram Curry + Millet Rice + Greens,"Horsegram (iron), millet rice (iron), spinach (iron)",500,8,24,80,"Pressure cook horsegram, cook millet rice",Tofu Palak Curry + Jowar Roti,"Tofu (iron), spinach (iron), jowar (iron)",380,12,20,56,"Cook tofu palak, prepare jowar roti",1180,32,56,188,20,45,20,85
Ovulation,Vegetarian,Fertility Foods Veg,Sesame Jaggery Oatmeal + Dates,"Oats, sesame (iron), jaggery, dates (iron)",300,10,12,52,"Cook oats with sesame and jaggery, add dates",Rajma Spinach Pulao + Curd,"Rajma (iron), spinach (iron), basmati rice, curd",500,10,22,80,"Cook rajma spinach pulao, serve with curd",Paneer Palak Soup + Sesame Roti,"Paneer, spinach (iron), sesame roti (iron)",380,12,18,60,"Blend soup, serve with sesame roti",1180,32,52,192,20,20,10,50
Ovulation,Vegetarian,Blooming Veg,Almond Chia Overnight Oats,"Oats, almonds (iron), chia (iron), milk, honey",300,12,12,50,"Soak oats overnight, top with almonds and chia",Palak Tofu Khichdi + Ghee,"Spinach (iron), tofu (iron), rice, moong dal (iron)",500,12,22,78,Pressure cook iron-rich khichdi,Methi Dal + Jowar Roti + Salad,"Fenugreek (iron), toor dal (iron), jowar, salad",380,8,18,62,"Cook methi dal, cook jowar roti, toss salad",1180,32,52,190,45,45,10,100
Ovulation,Non-Veg,Peak Fertility NV,Salmon Ragi Porridge + Greens,"Salmon (iron), ragi (iron), milk, spinach (iron)",360,14,30,42,"Cook ragi porridge, serve with smoked salmon and spinach",Mutton Palak Biryani + Raita,"Mutton (iron), spinach (iron), basmati, curd",560,20,40,72,"Layer mutton palak with rice, dum cook",Prawn Quinoa Stir-fry + Spinach,"Prawns (iron), quinoa (iron), spinach (iron)",420,10,38,58,Stir-fry prawns with quinoa and spinach,1340,44,108,172,20,45,25,90
Ovulation,Non-Veg,Ovulation Max NV,Chicken Liver + Ragi Pancakes,"Chicken liver (iron), ragi (iron), eggs (iron)",370,16,32,38,"Cook liver, make ragi pancakes",Fish Rajma Curry + Brown Rice,"Fish (iron), rajma (iron), brown rice",550,14,40,72,"Prepare fish rajma curry, cook rice",Mutton Shorba + Sesame Millet Roti,"Mutton (iron), sesame millet roti (iron)",420,16,32,56,"Cook mutton shorba, bake roti",1340,46,104,166,20,20,35,75
Ovulation,Non-Veg,Max Ovulation NV,Tuna Spinach Omelette,"Tuna (iron), eggs (iron), spinach (iron)",360,14,34,14,"Mix tuna, spinach and eggs, cook omelette",Prawn Palak Biryani + Raita,"Prawns (iron), spinach (iron), basmati, curd",550,14,40,74,"Layer prawn palak with rice, dum cook",Chicken Methi Curry + Bajra Roti + Salad,"Chicken, fenugreek (iron), bajra (iron), salad",420,14,36,58,"Cook methi chicken, prepare bajra roti",1330,42,110,146,10,45,20,75
Luteal,Vegetarian,PMS Iron Veg,Moringa Ragi Porridge,"Moringa (iron), ragi (iron), milk, jaggery",300,8,12,54,Cook moringa-ragi porridge with jaggery,Horsegram Masala + Brown Rice + Palak,"Horsegram (iron), brown rice, spinach (iron)",470,8,24,76,"Pressure cook horsegram, cook rice, wilt palak",Tofu Palak Stir-fry + Millet Roti,"Tofu (iron), spinach (iron), millet roti (iron)",370,12,20,56,"Stir-fry, cook millet roti",1140,28,56,186,20,45,20,85
Luteal,Vegetarian,Cycle Balance Veg,Dates Sesame Smoothie,"Dates (iron), sesame (iron), banana, milk",290,10,10,50,Blend all ingredients,Rajma Corn Masala + Brown Rice,"Rajma (iron), sweet corn, brown rice",470,10,22,76,"Cook rajma corn masala, cook rice",Palak Methi Dal + Jowar Roti,"Spinach (iron), fenugreek (iron), toor dal, jowar",370,8,18,62,"Cook iron-rich dal, prepare jowar roti",1130,28,50,188,10,20,20,50
Luteal,Vegetarian,Calm Iron Veg,Pumpkin Seed Overnight Oats,"Oats, pumpkin seeds (iron), almond milk, honey",290,10,10,50,"Soak oats overnight, top with pumpkin seeds",Lobia Curry + Millet Rice + Greens,"Lobia (iron), millet rice (iron), spinach (iron)",470,8,20,76,"Cook lobia, cook millet rice, add greens",Paneer Palak + Sesame Roti,"Paneer, spinach (iron), sesame roti (iron)",370,14,20,54,"Cook palak paneer, prepare sesame roti",1130,32,50,180,45,20,20,85
Luteal,Vegetarian,End Phase Veg,Ragi Walnut Smoothie,"Ragi (iron), walnuts (iron), banana, milk",290,10,10,50,Blend ragi-walnut smoothie,Palak Tofu Quinoa Bowl,"Spinach (iron), tofu (iron), quinoa (iron)",470,10,22,72,"Sauté palak tofu, cook quinoa, assemble bowl",Methi Paneer Soup + Bajra Roti,"Fenugreek (iron), paneer, bajra roti (iron)",370,12,18,58,"Blend methi paneer soup, cook bajra roti",1130,32,50,180,10,10,10,30
Luteal,Vegetarian,Hormone End Veg,Almond Date Ragi Oats,"Ragi (iron), almonds (iron), dates (iron), oats, milk",300,10,12,54,"Cook ragi-oat mix with milk, stir in almonds and dates",Chana Dal + Palak + Jowar Roti,"Chana dal (iron), spinach (iron), jowar flour (iron)",470,8,22,76,"Cook chana palak dal, cook jowar roti",Tofu Methi Biryani + Raita,"Tofu (iron), fenugreek (iron), basmati, curd",370,12,20,56,"Cook tofu methi biryani, prepare raita",1140,30,54,186,10,20,45,75
Luteal,Non-Veg,Luteal Iron Max,Chicken Liver Ragi Dosa + Sambar,"Chicken liver (iron), ragi (iron), toor dal sambar",370,14,30,44,"Cook liver, make ragi dosa, prepare sambar",Mutton Methi Curry + Brown Rice,"Mutton (iron), fenugreek (iron), brown rice",540,18,36,68,"Cook mutton methi, cook rice",Prawn Palak Stir-fry + Millet Roti,"Prawns (iron), spinach (iron), millet roti (iron)",410,12,34,54,"Stir-fry prawn palak, cook millet roti",1320,44,100,166,20,20,20,60
Luteal,Non-Veg,Cycle End Power,Salmon Palak Omelette,"Salmon (iron), eggs (iron), spinach (iron)",360,16,32,14,"Mix salmon, eggs and spinach, cook omelette",Fish Rajma Bowl + Quinoa,"Fish (iron), rajma (iron), quinoa (iron)",530,14,40,68,"Prepare fish curry, heat rajma, cook quinoa",Chicken Liver Masala + Millet Roti + Salad,"Chicken liver (iron), millet roti (iron), salad",410,14,32,56,"Cook liver masala, prepare roti and salad",1300,44,104,138,10,20,20,50
Luteal,Non-Veg,Pre-Menstrual Iron,Boiled Eggs + Methi Paratha,"Eggs (iron), fenugreek paratha (iron)",350,14,24,42,"Boil eggs, prepare methi paratha",Mutton Keema + Palak Rice,"Mutton mince (iron), spinach (iron), rice",540,18,36,70,"Cook keema, prepare palak rice",Prawn Masoor Dal + Roti,"Prawns (iron), masoor dal (iron), wheat roti",410,12,34,56,"Cook prawn masoor dal, make roti",1300,44,94,168,20,20,20,60
Luteal,Non-Veg,Final Phase Iron,Tuna Ragi Omelette + Toast,"Tuna (iron), ragi toast (iron), eggs (iron)",360,14,30,38,"Cook tuna-egg omelette, toast ragi bread",Chicken Palak Rajma Bowl + Rice,"Chicken, spinach (iron), rajma (iron), rice",530,14,40,68,"Cook chicken-palak-rajma, serve on rice",Mutton Shorba + Sesame Millet Roti,"Mutton (iron), sesame (iron), millet roti (iron)",420,16,32,56,"Cook mutton shorba, prepare roti",1310,44,102,162,10,20,20,50
Luteal,Non-Veg,Iron Cycle Complete,Sardine Palak Omelette + Toast,"Sardines (iron), spinach (iron), eggs (iron), toast",360,14,30,32,"Cook sardine-spinach omelette, toast bread",Prawn Liver Curry + Brown Rice,"Prawns (iron), chicken liver (iron), brown rice",540,16,40,70,"Cook prawn liver curry, cook rice",Mutton Methi Soup + Bajra Roti + Salad,"Mutton (iron), fenugreek (iron), bajra roti (iron), salad",410,16,32,54,"Cook methi mutton soup, prepare roti, toss salad",1310,46,102,156,10,20,10,40
Menstrual,Vegetarian,Period Strength 1,Quinoa Upma + Spinach Chutney,"Quinoa (iron), vegetables, spinach chutney (iron)",300,10,14,46,"Cook quinoa upma, prepare spinach chutney",Palak Chole + Brown Rice,"Spinach (iron), chickpeas (iron), brown rice",470,10,22,76,"Cook palak chole, cook rice",Methi Bajra Roti + Curd,"Fenugreek (iron), bajra roti (iron), curd",380,8,18,62,"Cook methi bajra roti, serve with curd",1150,28,54,184,20,20,20,60
Menstrual,Vegetarian,Period Strength 2,Amaranth Roti + Palak Sabzi,"Amaranth flour (iron), spinach (iron), spices",310,8,14,50,"Cook amaranth roti, prepare palak sabzi",Rajma Soup + Quinoa,"Rajma (iron), quinoa (iron), herbs",470,10,22,72,"Cook rajma soup, serve with quinoa",Tofu Methi Sabzi + Jowar Roti,"Tofu (iron), fenugreek (iron), jowar (iron)",380,12,20,54,"Cook tofu methi, prepare jowar roti",1160,30,56,176,20,20,20,60
Menstrual,Vegetarian,Period Strength 3,Beetroot Ragi Pancakes,"Beetroot (iron), ragi (iron), milk, spices",300,8,12,52,"Blend beetroot-ragi batter, cook pancakes",Chana Spinach Rice Bowl,"Chickpeas (iron), spinach (iron), rice",470,10,20,76,"Cook chana, wilt spinach, serve on rice",Palak Shorba + Sesame Millet Roti,"Spinach (iron), sesame millet roti (iron)",380,10,16,60,"Blend palak shorba, bake sesame millet roti",1150,28,48,188,10,20,35,65
Menstrual,Vegetarian,Period Strength 4,Pumpkin Seed Banana Smoothie,"Pumpkin seeds (iron), banana, almond milk",290,10,10,48,Blend all ingredients,Horsegram Curry + Jowar Roti + Salad,"Horsegram (iron), jowar flour (iron), salad",470,8,24,74,"Cook horsegram, cook jowar roti, toss salad",Tofu Palak Bowl + Sesame Rice,"Tofu (iron), spinach (iron), sesame rice (iron)",380,12,20,54,"Cook tofu palak, prepare sesame rice",1140,30,54,176,10,10,20,40
Menstrual,Vegetarian,Period Strength 5,Lentil Stuffed Paratha + Curd,"Masoor dal (iron), whole wheat flour, curd",310,10,18,46,"Make lentil stuffing, stuff paratha, serve with curd",Palak Rajma Curry + Brown Rice,"Spinach (iron), rajma (iron), brown rice",470,10,22,74,"Cook palak rajma, cook rice",Sesame Methi Dal + Bajra Roti,"Sesame (iron), fenugreek (iron), toor dal, bajra",380,10,18,58,"Cook sesame methi dal, prepare bajra roti",1160,30,58,178,25,20,20,65
Menstrual,Vegetarian,Period Strength 6,Hemp Seed Oatmeal + Dates,"Oats, hemp seeds (iron), dates (iron), almond milk",300,12,14,48,"Cook oats with almond milk, stir in hemp seeds and dates",Lobia Masala + Brown Rice + Greens,"Lobia (iron), brown rice, spinach greens (iron)",470,8,20,76,"Cook lobia masala, cook rice, add greens",Palak Paneer Kofta + Roti,"Spinach (iron), paneer, wheat roti",380,14,20,54,"Make palak koftas, prepare gravy, cook roti",1150,34,54,178,20,20,20,60
Menstrual,Vegetarian,Period Strength 7,Ragi Banana Dates Smoothie,"Ragi (iron), banana, dates (iron), milk",300,8,10,54,Blend ragi-banana-dates smoothie,Moth Dal Curry + Millet Roti,"Moth beans (iron), millet flour (iron), spices",470,10,22,72,"Pressure cook moth dal, cook millet roti",Palak Tofu Sabzi + Brown Rice,"Spinach (iron), tofu (iron), brown rice",380,12,20,54,"Sauté palak and tofu, cook rice",1150,30,52,180,10,45,20,75
Menstrual,Vegetarian,Period Strength 8,Sesame Almond Porridge,"Oats, sesame (iron), almonds (iron), jaggery, milk",300,12,12,50,"Cook oats with jaggery, add sesame and almonds",Chana Dal + Palak + Bajra Roti,"Chana dal (iron), spinach (iron), bajra roti (iron)",470,10,22,72,"Cook chana palak dal, prepare bajra roti",Tofu Rajma Bowl + Quinoa,"Tofu (iron), rajma (iron), quinoa (iron)",380,12,22,52,"Cook tofu-rajma, serve on quinoa",1150,34,56,174,20,20,20,60
Menstrual,Vegetarian,Period Strength 9,Flaxseed Honey Overnight Oats + Berries,"Oats, flaxseeds (iron), honey, berries, milk",290,10,10,50,"Soak oats overnight with flaxseeds, top with berries",Palak Masoor Dal + Jeera Rice,"Spinach (iron), masoor dal (iron), jeera rice",470,8,22,74,"Cook palak masoor dal, prepare jeera rice",Methi Tofu Curry + Jowar Roti,"Fenugreek (iron), tofu (iron), jowar roti (iron)",380,10,20,56,"Cook methi tofu, prepare jowar roti",1140,28,52,180,45,20,20,85
Menstrual,Vegetarian,Period Strength 10,Dates Chia Smoothie Bowl,"Dates (iron), chia seeds (iron), banana, almond milk",290,10,10,50,"Blend base, top with soaked chia seeds",Rajma Masoor Bowl + Brown Rice,"Rajma (iron), masoor dal (iron), brown rice",470,10,22,74,"Cook mixed dal with rajma, serve on brown rice",Palak Puri + Sesame Chutney,"Spinach puri (iron), sesame chutney (iron)",380,12,16,58,"Fry palak puris, prepare sesame chutney",1140,32,48,182,30,10,20,60
Menstrual,Non-Veg,Iron Power 1,Chicken Liver Upma,"Chicken liver (iron), semolina, vegetables",360,14,26,40,"Cook liver, prepare upma with liver",Mutton Rajma Curry + Brown Rice,"Mutton (iron), rajma (iron), brown rice",540,20,38,70,"Cook mutton rajma curry, cook rice",Fish Palak Masala + Millet Roti,"Fish (iron), spinach (iron), millet roti (iron)",420,14,36,54,"Cook fish palak, prepare millet roti",1320,48,100,164,20,20,20,60
Menstrual,Non-Veg,Iron Power 2,Egg Methi Omelette + Ragi Toast,"Eggs (iron), fenugreek (iron), ragi toast (iron)",350,14,24,38,"Make methi omelette, toast ragi bread",Prawn Palak Rice Bowl,"Prawns (iron), spinach (iron), rice",520,12,38,68,"Cook prawn palak, serve on rice",Mutton Soup + Bajra Bread,"Mutton (iron), bajra bread (iron), herbs",410,16,30,52,"Pressure cook mutton soup, toast bajra bread",1280,42,92,158,10,20,45,75
Menstrual,Non-Veg,Iron Power 3,Sardine Omelette + Spinach Toast,"Sardines (iron), eggs (iron), spinach toast (iron)",350,14,30,28,"Cook sardine omelette, toast spinach bread",Chicken Methi Curry + Quinoa,"Chicken, fenugreek (iron), quinoa (iron)",520,14,38,64,"Cook methi chicken, cook quinoa",Mutton Rajma Soup + Sesame Roti,"Mutton (iron), rajma (iron), sesame roti (iron)",410,16,32,52,"Cook mutton rajma soup, bake sesame roti",1280,44,100,144,10,20,35,65
Menstrual,Non-Veg,Iron Power 4,Tuna Palak Paratha + Curd,"Tuna (iron), spinach (iron), wheat flour, curd",360,14,28,40,"Stuff paratha with tuna-palak, serve with curd",Chicken Liver Palak Curry + Rice,"Chicken liver (iron), spinach (iron), rice",530,16,36,66,"Cook liver palak curry, cook rice",Prawn Methi Soup + Bajra Roti,"Prawns (iron), fenugreek (iron), bajra roti (iron)",410,12,32,56,"Cook prawn methi soup, prepare bajra roti",1300,42,96,162,25,20,20,65
Menstrual,Non-Veg,Iron Power 5,Mutton Keema Paratha + Curd,"Mutton mince (iron), wheat flour, curd",370,16,28,40,"Cook keema, stuff paratha, serve with curd",Fish Rajma Curry + Brown Rice,"Fish (iron), rajma (iron), brown rice",530,14,38,70,"Prepare fish rajma curry, cook rice",Chicken Methi Soup + Sesame Millet Roti,"Chicken, fenugreek (iron), sesame millet roti (iron)",400,14,32,52,"Cook methi chicken soup, prepare roti",1300,44,98,162,20,20,20,60
Menstrual,Non-Veg,Iron Power 6,Prawn Spinach Scramble + Toast,"Prawns (iron), spinach (iron), eggs (iron), whole wheat",350,12,28,34,"Scramble prawns with spinach and eggs, toast bread",Mutton Palak Stew + Brown Rice,"Mutton (iron), spinach (iron), brown rice",540,18,38,68,"Slow cook mutton palak stew, cook rice",Grilled Fish + Rajma Dal + Roti,"Fish (iron), rajma dal (iron), wheat roti",410,12,36,52,"Grill fish, cook rajma dal, make roti",1300,42,102,154,10,45,20,75
Menstrual,Non-Veg,Iron Power 7,Egg Bhurji + Methi Bajra Roti,"Eggs (iron), fenugreek (iron), bajra roti (iron), vegetables",360,14,24,42,"Scramble eggs with veggies, cook methi bajra roti",Chicken Palak Biryani + Raita,"Chicken, spinach (iron), basmati, curd",530,14,38,68,"Layer palak chicken biryani, make raita",Prawn Masoor Curry + Brown Rice,"Prawns (iron), masoor dal (iron), brown rice",410,10,36,58,"Cook prawn masoor curry, cook rice",1300,38,98,168,20,45,20,85
Menstrual,Non-Veg,Iron Power 8,Chicken Keema Ragi Dosa + Sambar,"Chicken mince (iron), ragi dosa (iron), toor dal sambar (iron)",370,14,28,46,"Cook keema, fill ragi dosa, prepare sambar",Fish Palak Khichdi,"Fish (iron), spinach (iron), rice, moong dal (iron), ghee",530,14,36,72,Cook iron-rich fish palak khichdi,Mutton Shorba + Millet Roti,"Mutton (iron), millet roti (iron), herbs",400,16,30,52,"Slow cook mutton shorba, prepare millet roti",1300,44,94,170,20,20,45,85
Menstrual,Non-Veg,Iron Power 9,Sardines + Ragi Pancakes + Spinach,"Sardines (iron), ragi pancakes (iron), spinach (iron)",360,14,28,40,"Cook ragi pancakes, serve with sardines and wilted spinach",Mutton Methi Curry + Quinoa,"Mutton (iron), fenugreek (iron), quinoa (iron)",540,18,36,68,"Cook mutton methi, cook quinoa",Prawn Palak Shorba + Bajra Roti,"Prawns (iron), spinach (iron), bajra roti (iron)",400,12,32,56,"Cook prawn palak shorba, prepare bajra roti",1300,44,96,164,20,20,20,60
Menstrual,Non-Veg,Iron Power 10,Chicken Liver Hash + Eggs + Toast,"Chicken liver (iron), eggs (iron), wheat toast, potato",370,14,30,36,"Sauté liver with potato, top with egg, serve with toast",Fish Methi Biryani + Spinach Raita,"Fish (iron), fenugreek (iron), basmati, spinach curd (iron)",530,14,38,70,"Cook fish methi biryani, prepare spinach raita",Mutton Rajma Soup + Sesame Roti,"Mutton (iron), rajma (iron), sesame roti (iron)",400,16,30,52,"Cook mutton rajma soup, bake sesame roti",1300,44,98,158,10,45,35,90
Follicular,Vegetarian,Spring Glow 1,Kiwi Spinach Smoothie + Seeds,"Kiwi, spinach (iron), pumpkin seeds (iron), almond milk",280,10,10,46,"Blend kiwi-spinach smoothie, top with seeds",Quinoa Lobia Bowl + Greens,"Quinoa (iron), lobia (iron), spinach greens (iron)",460,10,22,70,"Cook quinoa, heat lobia, assemble bowl",Palak Masoor Soup + Ragi Roti,"Spinach (iron), masoor dal (iron), ragi roti (iron)",360,8,18,56,"Blend palak masoor soup, prepare ragi roti",1100,28,50,172,10,10,10,30
Follicular,Vegetarian,Spring Glow 2,Moringa Oatmeal + Almonds,"Oats, moringa (iron), almonds (iron), honey, milk",290,10,12,48,"Cook oats with moringa, top with almonds",Horsegram Palak Rice Bowl,"Horsegram (iron), spinach (iron), rice",460,8,22,74,"Cook horsegram with palak, serve on rice",Tofu Bhurji + Sesame Roti,"Tofu (iron), sesame roti (iron), spices",360,12,20,54,"Scramble tofu, prepare sesame roti",1110,30,54,176,20,20,20,60
Follicular,Vegetarian,Spring Glow 3,Chia Almond Overnight Oats,"Oats, chia seeds (iron), almonds (iron), almond milk",290,12,12,46,"Soak oats overnight, top with chia and almonds",Chana Methi Curry + Brown Rice,"Chickpeas (iron), fenugreek (iron), brown rice",460,10,22,72,"Cook chana methi, cook rice",Palak Tofu Soup + Bajra Roti,"Spinach (iron), tofu (iron), bajra roti (iron)",360,10,18,56,"Blend soup, prepare bajra roti",1110,32,52,174,45,20,10,75
Follicular,Vegetarian,Spring Glow 4,Beetroot Ragi Smoothie + Toast,"Beetroot (iron), ragi (iron), banana, almond milk, toast",290,8,10,52,"Blend smoothie, serve with whole wheat toast",Rajma Quinoa Curry + Greens,"Rajma (iron), quinoa (iron), spinach greens (iron)",460,10,22,72,"Cook rajma, cook quinoa, add greens",Methi Mushroom Curry + Millet Roti,"Fenugreek (iron), mushrooms (iron), millet roti (iron)",360,10,16,60,"Cook methi mushrooms, prepare millet roti",1110,28,48,184,10,20,20,50
Follicular,Vegetarian,Spring Glow 5,Walnut Hemp Seed Porridge,"Oats, walnuts (iron), hemp seeds (iron), milk",290,14,14,44,"Cook oats with milk, stir in walnuts and hemp seeds",Moth Dal + Jeera Rice + Palak,"Moth beans (iron), jeera rice, spinach (iron)",460,8,22,74,"Pressure cook moth dal, cook jeera rice, wilt palak",Tofu Palak Masala + Jowar Roti,"Tofu (iron), spinach (iron), jowar roti (iron)",360,12,20,54,"Cook tofu palak masala, prepare jowar roti",1110,34,56,172,20,45,20,85
Follicular,Vegetarian,Spring Glow 6,Pumpkin Seed Banana Ragi Pancakes,"Ragi (iron), pumpkin seeds (iron), banana, milk",300,10,12,52,"Blend ragi batter with banana, cook pancakes, top with seeds",Palak Rajma Rice Bowl,"Spinach (iron), rajma (iron), basmati rice",460,10,22,72,"Cook rajma with palak, serve on rice",Lobia Methi Soup + Sesame Roti,"Lobia (iron), fenugreek (iron), sesame roti (iron)",360,8,18,58,"Cook lobia methi soup, bake sesame roti",1120,28,52,182,10,20,35,65
Follicular,Vegetarian,Spring Glow 7,Dates Jaggery Smoothie + Toast,"Dates (iron), jaggery, banana, milk, whole wheat toast",290,8,10,52,"Blend dates-banana smoothie with jaggery, serve with toast",Horsegram Methi Curry + Millet Rice,"Horsegram (iron), fenugreek (iron), millet rice (iron)",460,8,22,74,"Cook horsegram methi, cook millet rice",Palak Mushroom Stir-fry + Bajra Roti,"Spinach (iron), mushrooms (iron), bajra roti (iron)",360,10,16,60,"Stir-fry palak mushrooms, cook bajra roti",1110,26,48,186,10,20,20,50
Follicular,Vegetarian,Spring Glow 8,Sesame Flaxseed Oatmeal,"Oats, sesame seeds (iron), flaxseeds (iron), jaggery, milk",290,12,12,48,"Cook oats with jaggery, stir in sesame and flaxseeds",Chana Palak Khichdi + Ghee,"Chickpeas (iron), spinach (iron), rice, moong dal (iron), ghee",460,12,22,70,Pressure cook iron-rich khichdi,Tofu Rajma Bowl + Quinoa + Greens,"Tofu (iron), rajma (iron), quinoa (iron), spinach",360,12,22,52,"Cook tofu-rajma, serve on quinoa with greens",1110,36,56,170,20,45,20,85
Follicular,Non-Veg,Active Phase 1,Tuna Ragi Omelette + Spinach,"Tuna (iron), ragi omelette (iron), spinach (iron)",340,14,30,28,"Mix tuna and eggs, add ragi flour, cook with spinach",Chicken Liver Palak Curry + Brown Rice,"Chicken liver (iron), spinach (iron), brown rice",500,16,36,60,"Cook liver palak curry, cook rice",Prawn Quinoa Stir-fry,"Prawns (iron), quinoa (iron), capsicum, soy sauce",390,10,34,52,Stir-fry prawns with quinoa and vegetables,1230,40,100,140,10,20,25,55
Follicular,Non-Veg,Active Phase 2,Sardine Palak Scramble + Toast,"Sardines (iron), spinach (iron), eggs (iron), toast",340,14,28,30,"Scramble sardines with spinach and eggs, toast bread",Mutton Methi Curry + Brown Rice,"Mutton (iron), fenugreek (iron), brown rice",500,18,36,58,"Cook mutton methi, cook rice",Fish Palak Curry + Millet Roti,"Fish (iron), spinach (iron), millet roti (iron)",390,12,34,54,"Prepare fish palak, cook millet roti",1230,44,98,142,10,20,20,50
Follicular,Non-Veg,Active Phase 3,Prawn Methi Omelette + Toast,"Prawns (iron), fenugreek (iron), eggs (iron), toast",340,12,28,32,"Cook prawn methi omelette, toast bread",Chicken Rajma Stew + Brown Rice,"Chicken, rajma (iron), brown rice",500,14,38,60,"Cook chicken-rajma stew, cook rice",Mutton Soup + Sesame Bajra Roti,"Mutton (iron), sesame bajra roti (iron)",390,16,30,50,"Pressure cook soup, bake sesame bajra roti",1230,42,96,142,10,20,45,75
Follicular,Non-Veg,Active Phase 4,Egg Bhurji + Ragi Spinach Paratha,"Eggs (iron), ragi paratha (iron), spinach (iron)",350,14,24,40,"Scramble eggs, prepare ragi spinach paratha",Fish Biryani + Palak Raita,"Fish (iron), basmati rice, spinach curd (iron)",500,16,36,62,"Cook fish biryani, prepare palak raita",Chicken Methi Masala + Jowar Roti,"Chicken, fenugreek (iron), jowar roti (iron)",390,12,34,52,"Cook methi chicken, prepare jowar roti",1240,42,94,154,20,45,20,85
Follicular,Non-Veg,Active Phase 5,Salmon Egg Bowl + Spinach Toast,"Salmon (iron), eggs (iron), spinach toast (iron)",350,16,30,28,"Prepare salmon-egg bowl, toast spinach bread",Chicken Quinoa Palak Bowl,"Chicken, quinoa (iron), spinach (iron)",500,12,40,60,"Grill chicken, cook quinoa, add palak",Mutton Shorba + Ragi Millet Roti,"Mutton (iron), ragi millet roti (iron), herbs",390,16,30,50,"Slow cook shorba, bake ragi millet roti",1240,44,100,138,10,20,45,75
Follicular,Non-Veg,Active Phase 6,Chicken Liver Poha,"Chicken liver (iron), poha (iron-fortified), peanuts (iron), vegetables",360,14,26,44,"Cook liver, prepare iron-rich poha",Prawn Palak Masala + Quinoa,"Prawns (iron), spinach (iron), quinoa (iron)",500,12,38,62,"Cook prawn palak masala, cook quinoa",Mutton Methi Soup + Bajra Roti,"Mutton (iron), fenugreek (iron), bajra roti (iron)",390,16,30,50,"Cook methi mutton soup, prepare bajra roti",1250,42,94,156,20,20,20,60
Follicular,Non-Veg,Active Phase 7,Tuna Spinach Sandwich,"Tuna (iron), spinach (iron), whole wheat bread",330,12,28,34,"Mix tuna with spinach, assemble sandwich",Mutton Rajma Curry + Brown Rice,"Mutton (iron), rajma (iron), brown rice",510,18,36,62,"Cook mutton rajma curry, cook rice",Grilled Salmon + Masoor Dal + Roti,"Salmon (iron), masoor dal (iron), wheat roti",400,14,36,52,"Grill salmon, cook masoor dal, make roti",1240,44,100,148,10,20,20,50
Follicular,Non-Veg,Active Phase 8,Egg Palak Upma + Seeds,"Eggs (iron), spinach (iron), semolina, pumpkin seeds (iron)",350,14,22,44,"Cook egg palak upma, top with pumpkin seeds",Fish Chana Curry + Brown Rice,"Fish (iron), chickpeas (iron), brown rice",510,14,38,64,"Cook fish chana curry, cook rice",Chicken Liver Soup + Millet Roti + Salad,"Chicken liver (iron), millet roti (iron), salad",400,14,32,54,"Slow cook liver soup, prepare roti and salad",1260,42,92,162,20,20,45,85
Ovulation,Vegetarian,Peak Bloom 1,Moringa Chia Smoothie Bowl,"Moringa (iron), chia seeds (iron), mango, almond milk",300,10,10,52,"Blend moringa-mango smoothie, top with chia",Chana Spinach Biryani + Raita,"Chickpeas (iron), spinach (iron), basmati rice, curd",510,10,22,82,"Cook chana spinach biryani, prepare raita",Methi Lobia Dal + Bajra Roti,"Fenugreek (iron), lobia (iron), bajra roti (iron)",390,8,20,62,"Cook methi lobia dal, prepare bajra roti",1200,28,52,196,10,45,20,75
Ovulation,Vegetarian,Peak Bloom 2,Sesame Ragi Ladoo + Milk,"Sesame (iron), ragi (iron), jaggery, ghee, warm milk",300,10,10,52,"Prepare ragi-sesame ladoos, warm milk with turmeric",Horsegram Spinach Bowl + Millet Roti,"Horsegram (iron), spinach (iron), millet roti (iron)",510,8,24,80,"Pressure cook horsegram with palak, cook millet roti",Tofu Rajma Palak Curry + Brown Rice,"Tofu (iron), rajma (iron), spinach (iron), brown rice",390,12,22,60,"Cook tofu-rajma-palak curry, cook rice",1200,30,56,192,20,45,20,85
Ovulation,Vegetarian,Peak Bloom 3,Hemp Walnut Smoothie + Ragi Toast,"Hemp seeds (iron), walnuts (iron), banana, milk, ragi toast (iron)",300,14,14,46,"Blend hemp-walnut smoothie, toast ragi bread",Palak Chole Masala + Quinoa,"Spinach (iron), chickpeas (iron), quinoa (iron)",510,10,24,80,"Cook palak chole, cook quinoa",Tofu Methi Stir-fry + Jowar Roti + Salad,"Tofu (iron), fenugreek (iron), jowar roti (iron), salad",390,12,20,62,"Stir-fry tofu methi, cook jowar roti, toss salad",1200,36,58,188,10,20,10,40
Ovulation,Vegetarian,Peak Bloom 4,Dates Pumpkin Seed Porridge,"Oats, dates (iron), pumpkin seeds (iron), milk",300,10,12,52,"Cook oats, stir in dates and pumpkin seeds",Rajma Spinach Brown Rice Bowl,"Rajma (iron), spinach (iron), brown rice",510,10,22,80,"Cook rajma, add spinach, serve on brown rice",Palak Mushroom Tofu Soup + Sesame Roti,"Spinach (iron), mushrooms (iron), tofu (iron), sesame roti",390,10,18,64,"Blend iron-rich soup, bake sesame roti",1200,30,52,196,20,20,35,75
Ovulation,Vegetarian,Peak Bloom 5,Flaxseed Jaggery Ragi Pancakes,"Ragi (iron), flaxseeds (iron), jaggery, milk",300,10,12,52,"Whisk ragi-flax batter with jaggery, cook pancakes",Moth Bean Palak Curry + Brown Rice,"Moth beans (iron), spinach (iron), brown rice",510,8,22,82,"Pressure cook moth beans with palak, cook rice",Tofu Rajma Soup + Jowar Bajra Roti,"Tofu (iron), rajma (iron), jowar bajra roti (iron)",390,12,20,62,"Cook tofu-rajma soup, prepare jowar-bajra roti",1200,30,54,196,20,45,20,85
Ovulation,Vegetarian,Peak Bloom 6,Amaranth Honey Bowl + Seeds,"Puffed amaranth (iron), honey, pumpkin seeds (iron), almond milk",300,10,10,52,"Mix amaranth with almond milk and honey, top with seeds",Palak Lobia Khichdi + Ghee,"Spinach (iron), lobia (iron), rice, moong dal, ghee",510,12,22,80,Pressure cook iron-rich khichdi with palak and lobia,Paneer Palak Tikka + Sesame Rice,"Paneer, spinach marinade (iron), sesame rice (iron)",390,14,22,58,"Grill palak paneer tikka, cook sesame rice",1200,36,54,190,10,45,20,75
Ovulation,Vegetarian,Peak Bloom 7,Chia Moringa Pudding + Berries,"Chia seeds (iron), moringa (iron), coconut milk, berries",300,12,8,52,"Soak chia in coconut milk with moringa, top with berries",Chana Quinoa Palak Stir-fry + Roti,"Chickpeas (iron), quinoa (iron), spinach (iron), wheat roti",510,10,24,80,"Stir-fry chana-quinoa-palak, cook roti",Tofu Methi Rajma Bowl + Brown Rice,"Tofu (iron), fenugreek (iron), rajma (iron), brown rice",390,12,22,60,"Cook iron-rich bowl, serve on brown rice",1200,34,54,192,30,20,20,70
Ovulation,Non-Veg,Max Peak 1,Salmon Spinach Frittata + Ragi Toast,"Salmon (iron), spinach (iron), eggs (iron), ragi toast (iron)",370,16,34,28,"Bake salmon-spinach frittata, toast ragi bread",Mutton Palak Rajma Bowl + Brown Rice,"Mutton (iron), spinach (iron), rajma (iron), brown rice",560,20,40,72,"Cook mutton-rajma with palak, serve on rice",Prawn Methi Curry + Millet Roti + Salad,"Prawns (iron), fenugreek (iron), millet roti (iron), salad",420,12,36,60,"Cook prawn methi, prepare millet roti, toss salad",1350,48,110,160,35,20,10,65
Ovulation,Non-Veg,Max Peak 2,Chicken Liver Ragi Omelette,"Chicken liver (iron), ragi (iron), eggs (iron), spinach (iron)",370,16,32,30,"Cook liver, mix with ragi and eggs, make omelette with spinach",Prawn Rajma Biryani + Raita,"Prawns (iron), rajma (iron), basmati, curd",560,14,42,76,"Layer prawn-rajma biryani, make raita",Fish Palak Masala + Jowar Roti,"Fish (iron), spinach (iron), jowar roti (iron)",420,14,36,58,"Cook fish palak, prepare jowar roti",1350,44,110,164,10,45,20,75
Ovulation,Non-Veg,Max Peak 3,Sardine Methi Omelette + Toast,"Sardines (iron), fenugreek (iron), eggs (iron), wheat toast",370,14,30,32,"Cook sardine-methi omelette, toast bread",Mutton Chana Curry + Brown Rice,"Mutton (iron), chickpeas (iron), brown rice",560,18,40,74,"Cook mutton-chana curry, cook rice",Grilled Fish + Palak Rajma Dal + Roti,"Fish (iron), spinach dal (iron), rajma (iron), wheat roti",420,12,36,58,"Grill fish, cook palak rajma dal, make roti",1350,44,106,164,10,20,20,50
Ovulation,Non-Veg,Max Peak 4,Tuna Spinach Brown Rice Bowl,"Tuna (iron), spinach (iron), brown rice, lemon",360,12,32,44,"Cook tuna with spinach, serve on brown rice",Chicken Liver Methi Curry + Quinoa,"Chicken liver (iron), fenugreek (iron), quinoa (iron)",560,16,40,74,"Cook liver methi curry, cook quinoa",Prawn Palak Shorba + Sesame Millet Roti,"Prawns (iron), spinach (iron), sesame millet roti (iron)",430,12,36,62,"Cook prawn palak shorba, bake roti",1350,40,108,180,20,20,35,75
Ovulation,Non-Veg,Max Peak 5,Salmon Methi Paratha + Curd,"Salmon (iron), fenugreek (iron), wheat flour, curd",370,16,30,36,"Stuff paratha with salmon-methi, serve with curd",Mutton Spinach Biryani + Raita,"Mutton (iron), spinach (iron), basmati, curd",560,20,38,74,"Layer mutton spinach biryani, make raita",Prawn Rajma Soup + Jowar Bajra Roti,"Prawns (iron), rajma (iron), jowar bajra roti (iron)",420,12,36,60,"Cook prawn rajma soup, bake roti",1350,48,104,170,25,45,35,105
Ovulation,Non-Veg,Max Peak 6,Chicken Liver Palak Paratha,"Chicken liver (iron), spinach (iron), wheat flour",370,14,30,40,"Cook liver with palak, stuff paratha",Fish Palak Chana Curry + Brown Rice,"Fish (iron), spinach (iron), chickpeas (iron), brown rice",560,14,40,76,"Cook fish palak chana, cook rice",Mutton Shorba + Sesame Bajra Roti + Salad,"Mutton (iron), sesame bajra roti (iron), salad",420,16,32,58,"Cook mutton shorba, bake roti, toss salad",1350,44,102,174,20,20,35,75
Ovulation,Non-Veg,Max Peak 7,Prawn Palak Poached Eggs + Toast,"Prawns (iron), spinach (iron), eggs (iron), wheat toast",370,14,30,32,"Poach eggs over prawn-palak, toast bread",Mutton Keema + Spinach + Quinoa,"Mutton mince (iron), spinach (iron), quinoa (iron)",560,18,40,74,"Cook iron-rich keema with palak, serve on quinoa",Chicken Methi Rajma Soup + Millet Roti,"Chicken, fenugreek (iron), rajma (iron), millet roti (iron)",420,14,34,58,"Cook iron-rich soup, prepare millet roti",1350,46,104,164,10,20,20,50
Luteal,Vegetarian,Calm Phase 1,Moringa Jaggery Milk Oats,"Oats, moringa (iron), jaggery, warm milk, cardamom",290,8,10,52,Cook oats with jaggery-moringa milk,Rajma Methi Curry + Brown Rice,"Rajma (iron), fenugreek (iron), brown rice",470,10,22,76,"Cook rajma methi, cook rice",Tofu Palak Bhurji + Bajra Roti,"Tofu (iron), spinach (iron), bajra roti (iron)",370,12,20,56,"Scramble tofu with palak, cook bajra roti",1130,30,52,184,20,20,20,60
Luteal,Vegetarian,Calm Phase 2,Dates Flaxseed Smoothie + Toast,"Dates (iron), flaxseeds (iron), banana, milk, whole wheat toast",290,10,10,52,"Blend dates-banana-flaxseed smoothie, toast bread",Horsegram Palak Bowl + Millet Roti,"Horsegram (iron), spinach (iron), millet roti (iron)",470,8,22,76,"Pressure cook horsegram with palak, cook millet roti",Paneer Methi Curry + Sesame Roti,"Paneer, fenugreek (iron), sesame roti (iron)",370,14,20,54,"Cook methi paneer, bake sesame roti",1130,32,52,182,10,45,35,90
Luteal,Vegetarian,Calm Phase 3,Sesame Banana Oatmeal,"Oats, sesame seeds (iron), banana, honey, milk",290,10,10,50,"Cook oats, stir in sesame, top with banana",Palak Masoor Soup + Quinoa + Spinach Salad,"Spinach (iron), masoor dal (iron), quinoa (iron), salad",470,8,22,74,"Cook palak masoor soup, serve over quinoa with salad",Tofu Bhurji + Methi Jowar Roti,"Tofu (iron), fenugreek jowar roti (iron)",370,12,20,56,"Scramble tofu, prepare methi jowar roti",1130,30,52,180,20,20,20,60
Luteal,Vegetarian,Calm Phase 4,Ragi Jaggery Smoothie + Seeds,"Ragi (iron), jaggery, banana, almond milk, pumpkin seeds (iron)",290,10,10,52,"Blend ragi-banana-jaggery smoothie, top with pumpkin seeds",Lobia Curry + Brown Rice + Greens,"Lobia (iron), brown rice, spinach greens (iron)",470,8,20,76,"Cook lobia, cook rice, prepare greens",Palak Mushroom Tofu Curry + Jowar Roti,"Spinach (iron), mushrooms (iron), tofu (iron), jowar roti (iron)",370,10,18,60,"Cook iron-rich curry, prepare jowar roti",1130,28,48,188,10,20,20,50
Luteal,Vegetarian,Calm Phase 5,Hemp Seed Ragi Breakfast Bowl,"Ragi (iron), hemp seeds (iron), dates (iron), almond milk",300,12,14,50,"Cook ragi with almond milk, stir in hemp seeds and dates",Chana Palak Dal + Millet Roti,"Chickpeas (iron), spinach (iron), chana dal (iron), millet roti (iron)",470,10,22,74,"Cook iron-rich dal, prepare millet roti",Tofu Rajma Palak Soup + Sesame Bread,"Tofu (iron), rajma (iron), spinach (iron), sesame bread (iron)",370,12,20,54,"Blend iron-rich soup, toast sesame bread",1140,34,56,178,20,20,10,50
Luteal,Vegetarian,Calm Phase 6,Almond Walnut Porridge + Berries,"Oats, almonds (iron), walnuts (iron), berries, honey, milk",300,14,14,48,"Cook oats, stir in nuts, top with berries",Moth Bean Methi Curry + Brown Rice,"Moth beans (iron), fenugreek (iron), brown rice",470,8,22,76,"Pressure cook moth beans with methi, cook rice",Palak Paneer Soup + Bajra Sesame Roti,"Spinach (iron), paneer, bajra sesame roti (iron)",370,14,20,54,"Blend palak paneer soup, bake bajra sesame roti",1140,36,56,178,20,45,35,100
Luteal,Vegetarian,Calm Phase 7,Pumpkin Seed Flaxseed Oatmeal,"Oats, pumpkin seeds (iron), flaxseeds (iron), jaggery, milk",300,12,12,50,"Cook oats with jaggery, stir in pumpkin seeds and flaxseeds",Rajma Palak Brown Rice Khichdi,"Rajma (iron), spinach (iron), brown rice, moong dal (iron), ghee",470,10,22,76,Pressure cook iron-rich khichdi,Tofu Palak Tikka + Quinoa Salad,"Tofu (iron), spinach marinade (iron), quinoa (iron), salad",370,12,22,52,"Grill tofu palak tikka, toss quinoa salad",1140,34,56,178,20,45,10,75
Luteal,Vegetarian,Calm Phase 8,Moringa Hemp Smoothie,"Moringa (iron), hemp seeds (iron), banana, dates (iron), almond milk",300,12,12,50,Blend moringa-hemp-dates-banana smoothie,Horsegram Rajma Soup + Millet Jowar Roti,"Horsegram (iron), rajma (iron), millet jowar roti (iron)",470,8,22,76,"Cook horsegram-rajma soup, bake mixed roti",Palak Tofu Bhurji + Sesame Brown Rice,"Spinach (iron), tofu (iron), sesame brown rice (iron)",370,12,20,54,"Scramble palak-tofu, cook sesame brown rice",1140,32,54,180,10,35,20,65
Luteal,Non-Veg,Luteal Iron 1,Chicken Liver Methi Omelette + Toast,"Chicken liver (iron), fenugreek (iron), eggs (iron), toast",370,16,30,30,"Cook liver-methi omelette, toast whole wheat bread",Mutton Palak Khichdi + Ghee,"Mutton (iron), spinach (iron), rice, moong dal, ghee",530,18,36,68,Cook iron-rich mutton palak khichdi,Prawn Rajma Soup + Sesame Millet Roti,"Prawns (iron), rajma (iron), sesame millet roti (iron)",410,12,34,56,"Cook prawn-rajma soup, bake roti",1310,46,100,154,10,20,35,65
Luteal,Non-Veg,Luteal Iron 2,Sardine Palak Paratha + Curd,"Sardines (iron), spinach (iron), wheat flour, curd",370,14,28,38,"Stuff paratha with sardine-palak, serve with curd",Fish Methi Rajma Bowl + Brown Rice,"Fish (iron), fenugreek (iron), rajma (iron), brown rice",530,14,38,70,"Cook fish methi rajma, serve on brown rice",Mutton Shorba + Bajra Roti + Salad,"Mutton (iron), bajra roti (iron), salad",410,16,30,54,"Cook mutton shorba, prepare bajra roti, toss salad",1310,44,96,162,25,20,10,55
Luteal,Non-Veg,Luteal Iron 3,Tuna Palak Omelette + Ragi Toast,"Tuna (iron), spinach (iron), eggs (iron), ragi toast (iron)",370,14,30,36,"Cook tuna-palak omelette, toast ragi bread",Chicken Rajma Biryani + Palak Raita,"Chicken, rajma (iron), basmati, spinach curd (iron)",530,14,40,68,"Cook chicken-rajma biryani, prepare palak raita",Prawn Methi Soup + Sesame Jowar Roti,"Prawns (iron), fenugreek (iron), sesame jowar roti (iron)",410,12,34,56,"Cook prawn methi soup, bake sesame jowar roti",1310,40,104,160,10,45,35,90
Luteal,Non-Veg,Luteal Iron 4,Egg Methi Bajra Paratha + Curd,"Eggs (iron), fenugreek (iron), bajra paratha (iron), curd",370,14,24,46,"Stuff bajra paratha with egg-methi, serve with curd",Mutton Chana Curry + Brown Rice,"Mutton (iron), chickpeas (iron), brown rice",530,18,38,66,"Cook mutton-chana curry, cook rice",Fish Palak Tikka + Masoor Dal,"Fish (iron), spinach (iron), masoor dal (iron)",410,12,36,52,"Grill fish palak tikka, cook masoor dal",1310,44,98,164,25,20,20,65
Luteal,Non-Veg,Luteal Iron 5,Salmon Ragi Pancakes + Spinach,"Salmon (iron), ragi pancakes (iron), spinach (iron)",370,16,30,34,"Cook ragi pancakes, serve with smoked salmon and wilted spinach",Mutton Methi Palak Curry + Brown Rice,"Mutton (iron), fenugreek (iron), spinach (iron), brown rice",530,18,38,64,"Cook mutton methi palak, cook rice",Prawn Liver Shorba + Bajra Millet Roti,"Prawns (iron), chicken liver (iron), bajra millet roti (iron)",410,14,34,52,"Cook prawn-liver shorba, bake roti",1310,48,102,150,20,20,35,75
Luteal,Non-Veg,Luteal Iron 6,Chicken Methi Khichdi + Eggs,"Chicken, fenugreek (iron), eggs (iron), rice, moong dal (iron), ghee",370,14,30,44,"Cook iron-rich chicken methi khichdi, top with fried egg",Fish Rajma Masala + Quinoa,"Fish (iron), rajma (iron), quinoa (iron)",530,14,40,68,"Cook fish rajma masala, cook quinoa",Mutton Soup + Sesame Bajra Roti + Palak Salad,"Mutton (iron), sesame bajra roti (iron), spinach salad (iron)",410,16,30,54,"Cook mutton soup, bake roti, toss palak salad",1310,44,100,166,20,20,35,75
Luteal,Non-Veg,Luteal Iron 7,Prawn Palak Scramble + Toast,"Prawns (iron), spinach (iron), eggs (iron), whole wheat toast",370,14,28,36,"Scramble prawns with palak and eggs, toast bread",Chicken Liver Rajma Curry + Brown Rice,"Chicken liver (iron), rajma (iron), brown rice",530,16,38,68,"Cook liver rajma curry, cook rice",Fish Methi Soup + Jowar Sesame Roti,"Fish (iron), fenugreek (iron), jowar sesame roti (iron)",410,12,34,58,"Cook fish methi soup, bake jowar sesame roti",1310,42,100,162,10,20,35,65
Luteal,Non-Veg,Luteal Iron 8,Mutton Liver Omelette + Spinach Toast,"Mutton liver (iron), eggs (iron), spinach toast (iron)",370,16,32,30,"Cook mutton liver omelette, toast spinach bread",Prawn Palak Quinoa Bowl,"Prawns (iron), spinach (iron), quinoa (iron)",530,12,40,70,"Cook prawn palak, serve on quinoa",Chicken Methi Soup + Sesame Millet Roti + Salad,"Chicken, fenugreek (iron), sesame millet roti (iron), salad",410,14,32,58,"Cook methi chicken soup, prepare roti, toss salad",1310,42,104,158,10,20,10,40
Menstrual,Vegetarian,Iron Day 11,Lentil Pancakes + Spinach Chutney,"Masoor dal (iron), spinach chutney (iron), spices",310,10,18,44,"Soak lentils, grind, make pancakes, prepare chutney",Palak Chole Soup + Sesame Bread,"Spinach (iron), chickpeas (iron), sesame bread (iron)",470,10,22,74,"Cook palak-chole soup, toast sesame bread",Tofu Rajma Palak Sabzi + Bajra Roti,"Tofu (iron), rajma (iron), spinach (iron), bajra roti (iron)",370,12,22,52,"Cook iron-rich sabzi, prepare bajra roti",1150,32,62,170,30,10,20,60
Menstrual,Non-Veg,Iron Day 11,Chicken Liver Keema + Ragi Roti,"Chicken liver (iron), mince (iron), ragi roti (iron)",380,16,32,36,"Cook mixed liver-keema, prepare ragi roti",Mutton Rajma Palak Bowl + Brown Rice,"Mutton (iron), rajma (iron), spinach (iron), brown rice",550,20,40,68,"Cook iron-rich bowl, serve on rice",Prawn Methi Soup + Sesame Bajra Roti,"Prawns (iron), fenugreek (iron), sesame bajra roti (iron)",420,14,34,56,"Cook prawn methi soup, bake sesame bajra roti",1350,50,106,160,10,20,35,65
Follicular,Vegetarian,Glow Day 9,Spirulina Smoothie + Ragi Toast,"Spirulina (iron), banana, almond milk, ragi toast (iron)",290,10,12,48,"Blend spirulina-banana smoothie, toast ragi bread",Rajma Palak Quinoa Bowl + Salad,"Rajma (iron), spinach (iron), quinoa (iron), mixed salad",460,10,22,72,"Cook rajma, cook quinoa, add palak, assemble",Tofu Palak Soup + Sesame Jowar Roti,"Tofu (iron), spinach (iron), sesame jowar roti (iron)",360,12,20,54,"Blend tofu-palak soup, bake roti",1110,32,54,174,10,10,35,55
Follicular,Non-Veg,Active 9,Chicken Keema Spinach Omelette + Toast,"Chicken mince (iron), spinach (iron), eggs (iron), toast",360,14,30,30,"Cook keema-spinach omelette, toast bread",Mutton Liver Palak Curry + Brown Rice,"Mutton liver (iron), spinach (iron), brown rice",510,18,38,58,"Cook liver palak curry, cook rice",Prawn Chana Soup + Millet Roti,"Prawns (iron), chickpeas (iron), millet roti (iron)",400,12,36,52,"Cook prawn-chana soup, prepare millet roti",1270,44,104,140,10,20,20,50
Ovulation,Vegetarian,Peak 8,Sesame Hemp Moringa Smoothie,"Sesame (iron), hemp seeds (iron), moringa (iron), banana, almond milk",300,12,12,52,Blend iron-triple smoothie,Palak Lobia Rajma Bowl + Brown Rice,"Spinach (iron), lobia (iron), rajma (iron), brown rice",520,10,24,84,"Cook iron-triple bowl, serve on brown rice",Tofu Palak Methi Soup + Sesame Bajra Roti,"Tofu (iron), spinach (iron), fenugreek (iron), sesame bajra roti (iron)",390,12,20,62,"Blend iron-rich soup, bake sesame bajra roti",1210,34,56,198,10,20,35,65
Ovulation,Non-Veg,Peak 8,Salmon Chicken Liver Omelette + Ragi Toast,"Salmon (iron), chicken liver (iron), eggs (iron), ragi toast (iron)",380,16,34,30,"Cook mixed-iron omelette, toast ragi bread",Mutton Rajma Palak Biryani + Raita,"Mutton (iron), rajma (iron), spinach (iron), basmati, curd",570,20,42,74,"Cook iron-rich biryani, make raita",Prawn Methi Palak Curry + Sesame Millet Roti,"Prawns (iron), fenugreek (iron), spinach (iron), sesame millet roti (iron)",420,12,38,58,"Cook prawn methi palak, prepare roti",1370,48,114,162,10,45,20,75
Luteal,Vegetarian,Balance 9,Ragi Moringa Smoothie Bowl,"Ragi (iron), moringa (iron), dates (iron), banana, almond milk",300,10,12,52,"Blend ragi-moringa smoothie, top with dates",Horsegram Palak Methi Curry + Millet Roti,"Horsegram (iron), spinach (iron), fenugreek (iron), millet roti (iron)",470,8,22,76,"Cook iron-triple curry, prepare millet roti",Tofu Sesame Palak Bowl + Brown Rice,"Tofu (iron), sesame (iron), spinach (iron), brown rice",370,12,20,54,"Cook iron-rich bowl, serve on brown rice",1140,30,54,182,10,20,20,50
Luteal,Non-Veg,Iron 9,Mutton Liver Palak Omelette + Toast,"Mutton liver (iron), spinach (iron), eggs (iron), whole wheat toast",380,16,32,32,"Cook liver-palak omelette, toast bread",Chicken Rajma Palak Biryani + Raita,"Chicken, rajma (iron), spinach (iron), basmati, curd",540,14,40,70,"Cook iron-rich biryani, make raita",Prawn Methi Soup + Bajra Sesame Roti + Salad,"Prawns (iron), fenugreek (iron), bajra sesame roti (iron), salad",410,12,34,56,"Cook prawn methi soup, bake roti, toss salad",1330,42,106,158,10,45,35,90
Menstrual,Vegetarian,Iron Day 12,Hemp Moringa Overnight Oats,"Oats, hemp seeds (iron), moringa (iron), almond milk, honey",300,12,12,50,"Mix overnight oats with hemp-moringa, refrigerate",Rajma Palak Millet Khichdi,"Rajma (iron), spinach (iron), millet (iron), moong dal (iron), ghee",470,10,22,74,Pressure cook iron-rich khichdi,Tofu Methi Jowar Curry + Sesame Bread,"Tofu (iron), fenugreek (iron), jowar flour (iron), sesame bread (iron)",380,12,20,58,"Cook tofu methi jowar curry, bake sesame bread",1150,34,54,182,45,45,35,125
Follicular,Vegetarian,Glow Day 10,Spirulina Chia Pudding + Berries,"Spirulina (iron), chia seeds (iron), coconut milk, berries",300,12,10,52,"Soak chia-spirulina in coconut milk, top with berries",Lobia Palak Soup + Ragi Millet Roti,"Lobia (iron), spinach (iron), ragi millet roti (iron)",460,8,22,72,"Cook lobia palak soup, bake ragi millet roti",Tofu Rajma Stir-fry + Sesame Brown Rice,"Tofu (iron), rajma (iron), sesame brown rice (iron), capsicum",360,12,22,52,"Stir-fry tofu-rajma, cook sesame brown rice",1120,32,54,176,30,35,20,85
Luteal,Non-Veg,Iron 10,Tuna Chicken Liver Hash + Ragi Toast,"Tuna (iron), chicken liver (iron), eggs (iron), ragi toast (iron), potato",380,16,32,34,"Cook iron-double hash, top with egg, toast ragi bread",Mutton Palak Quinoa Biryani + Spinach Raita,"Mutton (iron), spinach (iron), quinoa (iron), spinach curd (iron)",540,18,40,68,"Cook iron-rich biryani, prepare spinach raita",Prawn Methi Rajma Soup + Sesame Bajra Roti + Salad,"Prawns (iron), fenugreek (iron), rajma (iron), sesame bajra roti (iron), salad",410,12,34,56,"Cook iron-triple soup, bake roti, toss salad",1330,46,106,158,10,45,35,90
