level,phase,day,exerciseName,sets,Duration,youtubeLink,muscleGroup,intensity,completed
Beginner,Menstrual,1,Child's Pose,2,30,https://www.youtube.com/watch?v=2MJGg-dUKh0,Mobility,Low,
Beginner,Menstrual,1,Seated Forward Fold,2,30,https://www.youtube.com/watch?v=p6CMso14NWk,Flexibility,Low,
Beginner,Menstrual,1,Hip Circles,2,30,https://www.youtube.com/watch?v=ay0l2aF-3ts,Hips,Low,
Beginner,Menstrual,1,Glute Bridge,2,30,https://www.youtube.com/watch?v=wPM8icPu6H8,Glutes,Low,
Beginner,Menstrual,1,Bird Dog,2,30,https://www.youtube.com/watch?v=wiFNA3sqjCA,Core,Low,
Beginner,Menstrual,1,Side Bends (standing),2,30,https://www.youtube.com/watch?v=XYdJtW4N_YQ,Obliques,Low,
Beginner,Menstrual,1,Wall Sit (light),2,30,https://www.youtube.com/watch?v=-cdph8hv0O0,Legs,Low,
Beginner,Menstrual,1,Seated Twist,2,30,https://www.youtube.com/watch?v=jVfJ7_gf4yo,Spine,Low,
Beginner,Menstrual,1,Deep Breathing + Stretch,2,30,https://www.youtube.com/watch?v=2L2lnxIcNmo,Relaxation,Low,
Beginner,Menstrual,1,Pelvic Tilts,2,30,https://www.youtube.com/watch?v=JmD6V7GkQ6s,Lower Back,Low,
Intermediate,Menstrual,1,Seated Forward Fold,3,30,https://www.youtube.com/watch?v=p6CMso14NWk,Flexibility,Medium,
Intermediate,Menstrual,1,Hip Circles,3,30,https://www.youtube.com/watch?v=ay0l2aF-3ts,Hips,Medium,
Intermediate,Menstrual,1,Glute Bridge,3,30,https://www.youtube.com/watch?v=wPM8icPu6H8,Glutes,Medium,
Intermediate,Menstrual,1,Bird Dog,3,30,https://www.youtube.com/watch?v=wiFNA3sqjCA,Core,Medium,
Intermediate,Menstrual,1,Side Bends (standing),3,30,https://www.youtube.com/watch?v=XYdJtW4N_YQ,Obliques,Medium,
Intermediate,Menstrual,1,Wall Sit (light),3,30,https://www.youtube.com/watch?v=-cdph8hv0O0,Legs,Medium,
Intermediate,Menstrual,1,Seated Twist,3,30,https://www.youtube.com/watch?v=jVfJ7_gf4yo,Spine,Medium,
Intermediate,Menstrual,1,Deep Breathing + Stretch,3,30,https://www.youtube.com/watch?v=2L2lnxIcNmo,Relaxation,Medium,
Intermediate,Menstrual,1,Pelvic Tilts,3,30,https://www.youtube.com/watch?v=JmD6V7GkQ6s,Lower Back,Medium,
Intermediate,Menstrual,1,Supine Knee Hugs,3,30,https://www.youtube.com/watch?v=3Zl2p2vZ1Jg,Glutes,Medium,
Advanced,Menstrual,1,Hip Circles,4,30,https://www.youtube.com/watch?v=ay0l2aF-3ts,Hips,High,
Advanced,Menstrual,1,Glute Bridge,4,30,https://www.youtube.com/watch?v=wPM8icPu6H8,Glutes,High,
Advanced,Menstrual,1,Bird Dog,4,30,https://www.youtube.com/watch?v=wiFNA3sqjCA,Core,High,
Advanced,Menstrual,1,Side Bends (standing),4,30,https://www.youtube.com/watch?v=XYdJtW4N_YQ,Obliques,High,
Advanced,Menstrual,1,Wall Sit (light),4,30,https://www.youtube.com/watch?v=-cdph8hv0O0,Legs,High,
Advanced,Menstrual,1,Seated Twist,4,30,https://www.youtube.com/watch?v=jVfJ7_gf4yo,Spine,High,
Advanced,Menstrual,1,Deep Breathing + Stretch,4,30,https://www.youtube.com/watch?v=2L2lnxIcNmo,Relaxation,High,
Advanced,Menstrual,1,Pelvic Tilts,4,30,https://www.youtube.com/watch?v=JmD6V7GkQ6s,Lower Back,High,
Advanced,Menstrual,1,Supine Knee Hugs,4,30,https://www.youtube.com/watch?v=3Zl2p2vZ1Jg,Glutes,High,
Advanced,Menstrual,1,Cat Cow Stretch,4,30,https://www.youtube.com/watch?v=kqnua4rHVVA,Mobility,High,
Beginner,Menstrual,2,Seated Forward Fold,2,30,https://www.youtube.com/watch?v=p6CMso14NWk,Flexibility,Low,
Beginner,Menstrual,2,Hip Circles,2,30,https://www.youtube.com/watch?v=ay0l2aF-3ts,Hips,Low,
Beginner,Menstrual,2,Glute Bridge,2,30,https://www.youtube.com/watch?v=wPM8icPu6H8,Glutes,Low,
Beginner,Menstrual,2,Bird Dog,2,30,https://www.youtube.com/watch?v=wiFNA3sqjCA,Core,Low,
Beginner,Menstrual,2,Side Bends (standing),2,30,https://www.youtube.com/watch?v=XYdJtW4N_YQ,Obliques,Low,
Beginner,Menstrual,2,Wall Sit (light),2,30,https://www.youtube.com/watch?v=-cdph8hv0O0,Legs,Low,
Beginner,Menstrual,2,Seated Twist,2,30,https://www.youtube.com/watch?v=jVfJ7_gf4yo,Spine,Low,
Beginner,Menstrual,2,Deep Breathing + Stretch,2,30,https://www.youtube.com/watch?v=2L2lnxIcNmo,Relaxation,Low,
Beginner,Menstrual,2,Pelvic Tilts,2,30,https://www.youtube.com/watch?v=JmD6V7GkQ6s,Lower Back,Low,
Beginner,Menstrual,2,Supine Knee Hugs,2,30,https://www.youtube.com/watch?v=3Zl2p2vZ1Jg,Glutes,Low,
Intermediate,Menstrual,2,Glute Bridge,3,30,https://www.youtube.com/watch?v=wPM8icPu6H8,Glutes,Medium,
Intermediate,Menstrual,2,Bird Dog,3,30,https://www.youtube.com/watch?v=wiFNA3sqjCA,Core,Medium,
Intermediate,Menstrual,2,Side Bends (standing),3,30,https://www.youtube.com/watch?v=XYdJtW4N_YQ,Obliques,Medium,
Intermediate,Menstrual,2,Wall Sit (light),3,30,https://www.youtube.com/watch?v=-cdph8hv0O0,Legs,Medium,
Intermediate,Menstrual,2,Seated Twist,3,30,https://www.youtube.com/watch?v=jVfJ7_gf4yo,Spine,Medium,
Intermediate,Menstrual,2,Deep Breathing + Stretch,3,30,https://www.youtube.com/watch?v=2L2lnxIcNmo,Relaxation,Medium,
Intermediate,Menstrual,2,Pelvic Tilts,3,30,https://www.youtube.com/watch?v=JmD6V7GkQ6s,Lower Back,Medium,
Intermediate,Menstrual,2,Supine Knee Hugs,3,30,https://www.youtube.com/watch?v=3Zl2p2vZ1Jg,Glutes,Medium,
Intermediate,Menstrual,2,Cat Cow Stretch,3,30,https://www.youtube.com/watch?v=kqnua4rHVVA,Mobility,Medium,
Intermediate,Menstrual,2,Child's Pose,3,30,https://www.youtube.com/watch?v=2MJGg-dUKh0,Mobility,Medium,
Advanced,Menstrual,2,Side Bends (standing),4,30,https://www.youtube.com/watch?v=XYdJtW4N_YQ,Obliques,High,
Advanced,Menstrual,2,Wall Sit (light),4,30,https://www.youtube.com/watch?v=-cdph8hv0O0,Legs,High,
Advanced,Menstrual,2,Seated Twist,4,30,https://www.youtube.com/watch?v=jVfJ7_gf4yo,Spine,High,
Advanced,Menstrual,2,Deep Breathing + Stretch,4,30,https://www.youtube.com/watch?v=2L2lnxIcNmo,Relaxation,High,
Advanced,Menstrual,2,Pelvic Tilts,4,30,https://www.youtube.com/watch?v=JmD6V7GkQ6s,Lower Back,High,
Advanced,Menstrual,2,Supine Knee Hugs,4,30,https://www.youtube.com/watch?v=3Zl2p2vZ1Jg,Glutes,High,
Advanced,Menstrual,2,Cat Cow Stretch,4,30,https://www.youtube.com/watch?v=kqnua4rHVVA,Mobility,High,
Advanced,Menstrual,2,Child's Pose,4,30,https://www.youtube.com/watch?v=2MJGg-dUKh0,Mobility,High,
Advanced,Menstrual,2,Seated Forward Fold,4,30,https://www.youtube.com/watch?v=p6CMso14NWk,Flexibility,High,
Advanced,Menstrual,2,Hip Circles,4,30,https://www.youtube.com/watch?v=ay0l2aF-3ts,Hips,High,
Beginner,Menstrual,3,Hip Circles,2,30,https://www.youtube.com/watch?v=ay0l2aF-3ts,Hips,Low,
Beginner,Menstrual,3,Glute Bridge,2,30,https://www.youtube.com/watch?v=wPM8icPu6H8,Glutes,Low,
Beginner,Menstrual,3,Bird Dog,2,30,https://www.youtube.com/watch?v=wiFNA3sqjCA,Core,Low,
Beginner,Menstrual,3,Side Bends (standing),2,30,https://www.youtube.com/watch?v=XYdJtW4N_YQ,Obliques,Low,
Beginner,Menstrual,3,Wall Sit (light),2,30,https://www.youtube.com/watch?v=-cdph8hv0O0,Legs,Low,
Beginner,Menstrual,3,Seated Twist,2,30,https://www.youtube.com/watch?v=jVfJ7_gf4yo,Spine,Low,
Beginner,Menstrual,3,Deep Breathing + Stretch,2,30,https://www.youtube.com/watch?v=2L2lnxIcNmo,Relaxation,Low,
Beginner,Menstrual,3,Pelvic Tilts,2,30,https://www.youtube.com/watch?v=JmD6V7GkQ6s,Lower Back,Low,
Beginner,Menstrual,3,Supine Knee Hugs,2,30,https://www.youtube.com/watch?v=3Zl2p2vZ1Jg,Glutes,Low,
Beginner,Menstrual,3,Cat Cow Stretch,2,30,https://www.youtube.com/watch?v=kqnua4rHVVA,Mobility,Low,
Intermediate,Menstrual,3,Side Bends (standing),3,30,https://www.youtube.com/watch?v=XYdJtW4N_YQ,Obliques,Medium,
Intermediate,Menstrual,3,Wall Sit (light),3,30,https://www.youtube.com/watch?v=-cdph8hv0O0,Legs,Medium,
Intermediate,Menstrual,3,Seated Twist,3,30,https://www.youtube.com/watch?v=jVfJ7_gf4yo,Spine,Medium,
Intermediate,Menstrual,3,Deep Breathing + Stretch,3,30,https://www.youtube.com/watch?v=2L2lnxIcNmo,Relaxation,Medium,
Intermediate,Menstrual,3,Pelvic Tilts,3,30,https://www.youtube.com/watch?v=JmD6V7GkQ6s,Lower Back,Medium,
Intermediate,Menstrual,3,Supine Knee Hugs,3,30,https://www.youtube.com/watch?v=3Zl2p2vZ1Jg,Glutes,Medium,
Intermediate,Menstrual,3,Cat Cow Stretch,3,30,https://www.youtube.com/watch?v=kqnua4rHVVA,Mobility,Medium,
Intermediate,Menstrual,3,Child's Pose,3,30,https://www.youtube.com/watch?v=2MJGg-dUKh0,Mobility,Medium,
Intermediate,Menstrual,3,Seated Forward Fold,3,30,https://www.youtube.com/watch?v=p6CMso14NWk,Flexibility,Medium,
Intermediate,Menstrual,3,Hip Circles,3,30,https://www.youtube.com/watch?v=ay0l2aF-3ts,Hips,Medium,
Advanced,Menstrual,3,Deep Breathing + Stretch,4,30,https://www.youtube.com/watch?v=2L2lnxIcNmo,Relaxation,High,
Advanced,Menstrual,3,Pelvic Tilts,4,30,https://www.youtube.com/watch?v=JmD6V7GkQ6s,Lower Back,High,
Advanced,Menstrual,3,Supine Knee Hugs,4,30,https://www.youtube.com/watch?v=3Zl2p2vZ1Jg,Glutes,High,
Advanced,Menstrual,3,Cat Cow Stretch,4,30,https://www.youtube.com/watch?v=kqnua4rHVVA,Mobility,High,
Advanced,Menstrual,3,Child's Pose,4,30,https://www.youtube.com/watch?v=2MJGg-dUKh0,Mobility,High,
Advanced,Menstrual,3,Seated Forward Fold,4,30,https://www.youtube.com/watch?v=p6CMso14NWk,Flexibility,High,
Advanced,Menstrual,3,Hip Circles,4,30,https://www.youtube.com/watch?v=ay0l2aF-3ts,Hips,High,
Advanced,Menstrual,3,Glute Bridge,4,30,https://www.youtube.com/watch?v=wPM8icPu6H8,Glutes,High,
Advanced,Menstrual,3,Bird Dog,4,30,https://www.youtube.com/watch?v=wiFNA3sqjCA,Core,High,
Advanced,Menstrual,3,Side Bends (standing),4,30,https://www.youtube.com/watch?v=XYdJtW4N_YQ,Obliques,High,
Beginner,Menstrual,4,Glute Bridge,2,30,https://www.youtube.com/watch?v=wPM8icPu6H8,Glutes,Low,
Beginner,Menstrual,4,Bird Dog,2,30,https://www.youtube.com/watch?v=wiFNA3sqjCA,Core,Low,
Beginner,Menstrual,4,Side Bends (standing),2,30,https://www.youtube.com/watch?v=XYdJtW4N_YQ,Obliques,Low,
Beginner,Menstrual,4,Wall Sit (light),2,30,https://www.youtube.com/watch?v=-cdph8hv0O0,Legs,Low,
Beginner,Menstrual,4,Seated Twist,2,30,https://www.youtube.com/watch?v=jVfJ7_gf4yo,Spine,Low,
Beginner,Menstrual,4,Deep Breathing + Stretch,2,30,https://www.youtube.com/watch?v=2L2lnxIcNmo,Relaxation,Low,
Beginner,Menstrual,4,Pelvic Tilts,2,30,https://www.youtube.com/watch?v=JmD6V7GkQ6s,Lower Back,Low,
Beginner,Menstrual,4,Supine Knee Hugs,2,30,https://www.youtube.com/watch?v=3Zl2p2vZ1Jg,Glutes,Low,
Beginner,Menstrual,4,Cat Cow Stretch,2,30,https://www.youtube.com/watch?v=kqnua4rHVVA,Mobility,Low,
Beginner,Menstrual,4,Child's Pose,2,30,https://www.youtube.com/watch?v=2MJGg-dUKh0,Mobility,Low,
Intermediate,Menstrual,4,Seated Twist,3,30,https://www.youtube.com/watch?v=jVfJ7_gf4yo,Spine,Medium,
Intermediate,Menstrual,4,Deep Breathing + Stretch,3,30,https://www.youtube.com/watch?v=2L2lnxIcNmo,Relaxation,Medium,
Intermediate,Menstrual,4,Pelvic Tilts,3,30,https://www.youtube.com/watch?v=JmD6V7GkQ6s,Lower Back,Medium,
Intermediate,Menstrual,4,Supine Knee Hugs,3,30,https://www.youtube.com/watch?v=3Zl2p2vZ1Jg,Glutes,Medium,
Intermediate,Menstrual,4,Cat Cow Stretch,3,30,https://www.youtube.com/watch?v=kqnua4rHVVA,Mobility,Medium,
Intermediate,Menstrual,4,Child's Pose,3,30,https://www.youtube.com/watch?v=2MJGg-dUKh0,Mobility,Medium,
Intermediate,Menstrual,4,Seated Forward Fold,3,30,https://www.youtube.com/watch?v=p6CMso14NWk,Flexibility,Medium,
Intermediate,Menstrual,4,Hip Circles,3,30,https://www.youtube.com/watch?v=ay0l2aF-3ts,Hips,Medium,
Intermediate,Menstrual,4,Glute Bridge,3,30,https://www.youtube.com/watch?v=wPM8icPu6H8,Glutes,Medium,
Intermediate,Menstrual,4,Bird Dog,3,30,https://www.youtube.com/watch?v=wiFNA3sqjCA,Core,Medium,
Advanced,Menstrual,4,Cat Cow Stretch,4,30,https://www.youtube.com/watch?v=kqnua4rHVVA,Mobility,High,
Advanced,Menstrual,4,Child's Pose,4,30,https://www.youtube.com/watch?v=2MJGg-dUKh0,Mobility,High,
Advanced,Menstrual,4,Seated Forward Fold,4,30,https://www.youtube.com/watch?v=p6CMso14NWk,Flexibility,High,
Advanced,Menstrual,4,Hip Circles,4,30,https://www.youtube.com/watch?v=ay0l2aF-3ts,Hips,High,
Advanced,Menstrual,4,Glute Bridge,4,30,https://www.youtube.com/watch?v=wPM8icPu6H8,Glutes,High,
Advanced,Menstrual,4,Bird Dog,4,30,https://www.youtube.com/watch?v=wiFNA3sqjCA,Core,High,
Advanced,Menstrual,4,Side Bends (standing),4,30,https://www.youtube.com/watch?v=XYdJtW4N_YQ,Obliques,High,
Advanced,Menstrual,4,Wall Sit (light),4,30,https://www.youtube.com/watch?v=-cdph8hv0O0,Legs,High,
Advanced,Menstrual,4,Seated Twist,4,30,https://www.youtube.com/watch?v=jVfJ7_gf4yo,Spine,High,
Advanced,Menstrual,4,Deep Breathing + Stretch,4,30,https://www.youtube.com/watch?v=2L2lnxIcNmo,Relaxation,High,
Beginner,Menstrual,5,Bird Dog,2,30,https://www.youtube.com/watch?v=wiFNA3sqjCA,Core,Low,
Beginner,Menstrual,5,Side Bends (standing),2,30,https://www.youtube.com/watch?v=XYdJtW4N_YQ,Obliques,Low,
Beginner,Menstrual,5,Wall Sit (light),2,30,https://www.youtube.com/watch?v=-cdph8hv0O0,Legs,Low,
Beginner,Menstrual,5,Seated Twist,2,30,https://www.youtube.com/watch?v=jVfJ7_gf4yo,Spine,Low,
Beginner,Menstrual,5,Deep Breathing + Stretch,2,30,https://www.youtube.com/watch?v=2L2lnxIcNmo,Relaxation,Low,
Beginner,Menstrual,5,Pelvic Tilts,2,30,https://www.youtube.com/watch?v=JmD6V7GkQ6s,Lower Back,Low,
Beginner,Menstrual,5,Supine Knee Hugs,2,30,https://www.youtube.com/watch?v=3Zl2p2vZ1Jg,Glutes,Low,
Beginner,Menstrual,5,Cat Cow Stretch,2,30,https://www.youtube.com/watch?v=kqnua4rHVVA,Mobility,Low,
Beginner,Menstrual,5,Child's Pose,2,30,https://www.youtube.com/watch?v=2MJGg-dUKh0,Mobility,Low,
Beginner,Menstrual,5,Seated Forward Fold,2,30,https://www.youtube.com/watch?v=p6CMso14NWk,Flexibility,Low,
Intermediate,Menstrual,5,Pelvic Tilts,3,30,https://www.youtube.com/watch?v=JmD6V7GkQ6s,Lower Back,Medium,
Intermediate,Menstrual,5,Supine Knee Hugs,3,30,https://www.youtube.com/watch?v=3Zl2p2vZ1Jg,Glutes,Medium,
Intermediate,Menstrual,5,Cat Cow Stretch,3,30,https://www.youtube.com/watch?v=kqnua4rHVVA,Mobility,Medium,
Intermediate,Menstrual,5,Child's Pose,3,30,https://www.youtube.com/watch?v=2MJGg-dUKh0,Mobility,Medium,
Intermediate,Menstrual,5,Seated Forward Fold,3,30,https://www.youtube.com/watch?v=p6CMso14NWk,Flexibility,Medium,
Intermediate,Menstrual,5,Hip Circles,3,30,https://www.youtube.com/watch?v=ay0l2aF-3ts,Hips,Medium,
Intermediate,Menstrual,5,Glute Bridge,3,30,https://www.youtube.com/watch?v=wPM8icPu6H8,Glutes,Medium,
Intermediate,Menstrual,5,Bird Dog,3,30,https://www.youtube.com/watch?v=wiFNA3sqjCA,Core,Medium,
Intermediate,Menstrual,5,Side Bends (standing),3,30,https://www.youtube.com/watch?v=XYdJtW4N_YQ,Obliques,Medium,
Intermediate,Menstrual,5,Wall Sit (light),3,30,https://www.youtube.com/watch?v=-cdph8hv0O0,Legs,Medium,
Advanced,Menstrual,5,Hip Circles,4,30,https://www.youtube.com/watch?v=ay0l2aF-3ts,Hips,High,
Advanced,Menstrual,5,Glute Bridge,4,30,https://www.youtube.com/watch?v=wPM8icPu6H8,Glutes,High,
Advanced,Menstrual,5,Bird Dog,4,30,https://www.youtube.com/watch?v=wiFNA3sqjCA,Core,High,
Advanced,Menstrual,5,Side Bends (standing),4,30,https://www.youtube.com/watch?v=XYdJtW4N_YQ,Obliques,High,
Advanced,Menstrual,5,Wall Sit (light),4,30,https://www.youtube.com/watch?v=-cdph8hv0O0,Legs,High,
Advanced,Menstrual,5,Seated Twist,4,30,https://www.youtube.com/watch?v=jVfJ7_gf4yo,Spine,High,
Advanced,Menstrual,5,Deep Breathing + Stretch,4,30,https://www.youtube.com/watch?v=2L2lnxIcNmo,Relaxation,High,
Advanced,Menstrual,5,Pelvic Tilts,4,30,https://www.youtube.com/watch?v=JmD6V7GkQ6s,Lower Back,High,
Advanced,Menstrual,5,Supine Knee Hugs,4,30,https://www.youtube.com/watch?v=3Zl2p2vZ1Jg,Glutes,High,
Advanced,Menstrual,5,Cat Cow Stretch,4,30,https://www.youtube.com/watch?v=kqnua4rHVVA,Mobility,High,
Beginner,Follicular,6,Push Ups (knee),2,30,https://www.youtube.com/watch?v=8zI5EoiYiE8,Chest,Medium,
Beginner,Follicular,6,Plank (on knees),2,30,https://www.youtube.com/watch?v=pSHjTRCQxIw,Core,Medium,
Beginner,Follicular,6,Bird Dog (dynamic),2,30,https://www.youtube.com/watch?v=wiFNA3sqjCA,Core,Medium,
Beginner,Follicular,6,Standing Crunches,2,30,https://www.youtube.com/watch?v=BK5e3x4YV2U,Abs,Medium,
Beginner,Follicular,6,Superman (slow),2,30,https://www.youtube.com/watch?v=z6PJMT2y8GQ,Back,Medium,
Beginner,Follicular,6,Calf Raises,2,30,https://www.youtube.com/watch?v=YMmgqO8Jo-k,Calves,Low,
Beginner,Follicular,6,Jumping Jacks,2,30,https://www.youtube.com/watch?v=2W4ZNSwoW_4,Cardio,Medium,
Beginner,Follicular,6,Bodyweight Squats,2,30,https://www.youtube.com/watch?v=aclHkVaku9U,Legs,Medium,
Beginner,Follicular,6,Forward Lunges,2,30,https://www.youtube.com/watch?v=QOVaHwm-Q6U,Legs,Medium,
Beginner,Follicular,6,High Knees (marching),2,30,https://www.youtube.com/watch?v=OAJ_J3EZkdY,Cardio,Medium,
Intermediate,Follicular,6,Jumping Jacks,3,30,https://www.youtube.com/watch?v=2W4ZNSwoW_4,Cardio,Medium,
Intermediate,Follicular,6,Bodyweight Squats,3,30,https://www.youtube.com/watch?v=aclHkVaku9U,Legs,Medium,
Intermediate,Follicular,6,Forward Lunges,3,30,https://www.youtube.com/watch?v=QOVaHwm-Q6U,Legs,Medium,
Intermediate,Follicular,6,High Knees (marching),3,30,https://www.youtube.com/watch?v=OAJ_J3EZkdY,Cardio,Medium,
Intermediate,Follicular,6,Arm Circles,3,30,https://www.youtube.com/watch?v=RtyQ5-MhJYc,Shoulders,Medium,
Intermediate,Follicular,6,Glute Bridge March,3,30,https://www.youtube.com/watch?v=3MOgJ3w3w7s,Glutes,Medium,
Intermediate,Follicular,6,Push Ups (knee),3,30,https://www.youtube.com/watch?v=8zI5EoiYiE8,Chest,Medium,
Intermediate,Follicular,6,Plank (on knees),3,30,https://www.youtube.com/watch?v=pSHjTRCQxIw,Core,Medium,
Intermediate,Follicular,6,Bird Dog (dynamic),3,30,https://www.youtube.com/watch?v=wiFNA3sqjCA,Core,Medium,
Intermediate,Follicular,6,Standing Crunches,3,30,https://www.youtube.com/watch?v=BK5e3x4YV2U,Abs,Medium,
Advanced,Follicular,6,Push Ups (knee),4,30,https://www.youtube.com/watch?v=8zI5EoiYiE8,Chest,High,
Advanced,Follicular,6,Plank (on knees),4,30,https://www.youtube.com/watch?v=pSHjTRCQxIw,Core,High,
Advanced,Follicular,6,Bird Dog (dynamic),4,30,https://www.youtube.com/watch?v=wiFNA3sqjCA,Core,High,
Advanced,Follicular,6,Standing Crunches,4,30,https://www.youtube.com/watch?v=BK5e3x4YV2U,Abs,High,
Advanced,Follicular,6,Superman (slow),4,30,https://www.youtube.com/watch?v=z6PJMT2y8GQ,Back,High,
Advanced,Follicular,6,Calf Raises,4,30,https://www.youtube.com/watch?v=YMmgqO8Jo-k,Calves,High,
Advanced,Follicular,6,Jumping Jacks,4,30,https://www.youtube.com/watch?v=2W4ZNSwoW_4,Cardio,High,
Advanced,Follicular,6,Bodyweight Squats,4,30,https://www.youtube.com/watch?v=aclHkVaku9U,Legs,High,
Advanced,Follicular,6,Forward Lunges,4,30,https://www.youtube.com/watch?v=QOVaHwm-Q6U,Legs,High,
Advanced,Follicular,6,High Knees (marching),4,30,https://www.youtube.com/watch?v=OAJ_J3EZkdY,Cardio,High,
Beginner,Follicular,7,Plank (on knees),2,30,https://www.youtube.com/watch?v=pSHjTRCQxIw,Core,Medium,
Beginner,Follicular,7,Bird Dog (dynamic),2,30,https://www.youtube.com/watch?v=wiFNA3sqjCA,Core,Medium,
Beginner,Follicular,7,Standing Crunches,2,30,https://www.youtube.com/watch?v=BK5e3x4YV2U,Abs,Medium,
Beginner,Follicular,7,Superman (slow),2,30,https://www.youtube.com/watch?v=z6PJMT2y8GQ,Back,Medium,
Beginner,Follicular,7,Calf Raises,2,30,https://www.youtube.com/watch?v=YMmgqO8Jo-k,Calves,Low,
Beginner,Follicular,7,Jumping Jacks,2,30,https://www.youtube.com/watch?v=2W4ZNSwoW_4,Cardio,Medium,
Beginner,Follicular,7,Bodyweight Squats,2,30,https://www.youtube.com/watch?v=aclHkVaku9U,Legs,Medium,
Beginner,Follicular,7,Forward Lunges,2,30,https://www.youtube.com/watch?v=QOVaHwm-Q6U,Legs,Medium,
Beginner,Follicular,7,High Knees (marching),2,30,https://www.youtube.com/watch?v=OAJ_J3EZkdY,Cardio,Medium,
Beginner,Follicular,7,Arm Circles,2,30,https://www.youtube.com/watch?v=RtyQ5-MhJYc,Shoulders,Low,
Intermediate,Follicular,7,Forward Lunges,3,30,https://www.youtube.com/watch?v=QOVaHwm-Q6U,Legs,Medium,
Intermediate,Follicular,7,High Knees (marching),3,30,https://www.youtube.com/watch?v=OAJ_J3EZkdY,Cardio,Medium,
Intermediate,Follicular,7,Arm Circles,3,30,https://www.youtube.com/watch?v=RtyQ5-MhJYc,Shoulders,Medium,
Intermediate,Follicular,7,Glute Bridge March,3,30,https://www.youtube.com/watch?v=3MOgJ3w3w7s,Glutes,Medium,
Intermediate,Follicular,7,Push Ups (knee),3,30,https://www.youtube.com/watch?v=8zI5EoiYiE8,Chest,Medium,
Intermediate,Follicular,7,Plank (on knees),3,30,https://www.youtube.com/watch?v=pSHjTRCQxIw,Core,Medium,
Intermediate,Follicular,7,Bird Dog (dynamic),3,30,https://www.youtube.com/watch?v=wiFNA3sqjCA,Core,Medium,
Intermediate,Follicular,7,Standing Crunches,3,30,https://www.youtube.com/watch?v=BK5e3x4YV2U,Abs,Medium,
Intermediate,Follicular,7,Superman (slow),3,30,https://www.youtube.com/watch?v=z6PJMT2y8GQ,Back,Medium,
Intermediate,Follicular,7,Calf Raises,3,30,https://www.youtube.com/watch?v=YMmgqO8Jo-k,Calves,Medium,
Advanced,Follicular,7,Standing Crunches,4,30,https://www.youtube.com/watch?v=BK5e3x4YV2U,Abs,High,
Advanced,Follicular,7,Superman (slow),4,30,https://www.youtube.com/watch?v=z6PJMT2y8GQ,Back,High,
Advanced,Follicular,7,Calf Raises,4,30,https://www.youtube.com/watch?v=YMmgqO8Jo-k,Calves,High,
Advanced,Follicular,7,Jumping Jacks,4,30,https://www.youtube.com/watch?v=2W4ZNSwoW_4,Cardio,High,
Advanced,Follicular,7,Bodyweight Squats,4,30,https://www.youtube.com/watch?v=aclHkVaku9U,Legs,High,
Advanced,Follicular,7,Forward Lunges,4,30,https://www.youtube.com/watch?v=QOVaHwm-Q6U,Legs,High,
Advanced,Follicular,7,High Knees (marching),4,30,https://www.youtube.com/watch?v=OAJ_J3EZkdY,Cardio,High,
Advanced,Follicular,7,Arm Circles,4,30,https://www.youtube.com/watch?v=RtyQ5-MhJYc,Shoulders,High,
Advanced,Follicular,7,Glute Bridge March,4,30,https://www.youtube.com/watch?v=3MOgJ3w3w7s,Glutes,High,
Advanced,Follicular,7,Push Ups (knee),4,30,https://www.youtube.com/watch?v=8zI5EoiYiE8,Chest,High,
Beginner,Follicular,8,Bird Dog (dynamic),2,30,https://www.youtube.com/watch?v=wiFNA3sqjCA,Core,Medium,
Beginner,Follicular,8,Standing Crunches,2,30,https://www.youtube.com/watch?v=BK5e3x4YV2U,Abs,Medium,
Beginner,Follicular,8,Superman (slow),2,30,https://www.youtube.com/watch?v=z6PJMT2y8GQ,Back,Medium,
Beginner,Follicular,8,Calf Raises,2,30,https://www.youtube.com/watch?v=YMmgqO8Jo-k,Calves,Low,
Beginner,Follicular,8,Jumping Jacks,2,30,https://www.youtube.com/watch?v=2W4ZNSwoW_4,Cardio,Medium,
Beginner,Follicular,8,Bodyweight Squats,2,30,https://www.youtube.com/watch?v=aclHkVaku9U,Legs,Medium,
Beginner,Follicular,8,Forward Lunges,2,30,https://www.youtube.com/watch?v=QOVaHwm-Q6U,Legs,Medium,
Beginner,Follicular,8,High Knees (marching),2,30,https://www.youtube.com/watch?v=OAJ_J3EZkdY,Cardio,Medium,
Beginner,Follicular,8,Arm Circles,2,30,https://www.youtube.com/watch?v=RtyQ5-MhJYc,Shoulders,Low,
Beginner,Follicular,8,Glute Bridge March,2,30,https://www.youtube.com/watch?v=3MOgJ3w3w7s,Glutes,Medium,
Intermediate,Follicular,8,Arm Circles,3,30,https://www.youtube.com/watch?v=RtyQ5-MhJYc,Shoulders,Medium,
Intermediate,Follicular,8,Glute Bridge March,3,30,https://www.youtube.com/watch?v=3MOgJ3w3w7s,Glutes,Medium,
Intermediate,Follicular,8,Push Ups (knee),3,30,https://www.youtube.com/watch?v=8zI5EoiYiE8,Chest,Medium,
Intermediate,Follicular,8,Plank (on knees),3,30,https://www.youtube.com/watch?v=pSHjTRCQxIw,Core,Medium,
Intermediate,Follicular,8,Bird Dog (dynamic),3,30,https://www.youtube.com/watch?v=wiFNA3sqjCA,Core,Medium,
Intermediate,Follicular,8,Standing Crunches,3,30,https://www.youtube.com/watch?v=BK5e3x4YV2U,Abs,Medium,
Intermediate,Follicular,8,Superman (slow),3,30,https://www.youtube.com/watch?v=z6PJMT2y8GQ,Back,Medium,
Intermediate,Follicular,8,Calf Raises,3,30,https://www.youtube.com/watch?v=YMmgqO8Jo-k,Calves,Medium,
Intermediate,Follicular,8,Jumping Jacks,3,30,https://www.youtube.com/watch?v=2W4ZNSwoW_4,Cardio,Medium,
Intermediate,Follicular,8,Bodyweight Squats,3,30,https://www.youtube.com/watch?v=aclHkVaku9U,Legs,Medium,
Advanced,Follicular,8,Jumping Jacks,4,30,https://www.youtube.com/watch?v=2W4ZNSwoW_4,Cardio,High,
Advanced,Follicular,8,Bodyweight Squats,4,30,https://www.youtube.com/watch?v=aclHkVaku9U,Legs,High,
Advanced,Follicular,8,Forward Lunges,4,30,https://www.youtube.com/watch?v=QOVaHwm-Q6U,Legs,High,
Advanced,Follicular,8,High Knees (marching),4,30,https://www.youtube.com/watch?v=OAJ_J3EZkdY,Cardio,High,
Advanced,Follicular,8,Arm Circles,4,30,https://www.youtube.com/watch?v=RtyQ5-MhJYc,Shoulders,High,
Advanced,Follicular,8,Glute Bridge March,4,30,https://www.youtube.com/watch?v=3MOgJ3w3w7s,Glutes,High,
Advanced,Follicular,8,Push Ups (knee),4,30,https://www.youtube.com/watch?v=8zI5EoiYiE8,Chest,High,
Advanced,Follicular,8,Plank (on knees),4,30,https://www.youtube.com/watch?v=pSHjTRCQxIw,Core,High,
Advanced,Follicular,8,Bird Dog (dynamic),4,30,https://www.youtube.com/watch?v=wiFNA3sqjCA,Core,High,
Advanced,Follicular,8,Standing Crunches,4,30,https://www.youtube.com/watch?v=BK5e3x4YV2U,Abs,High,
Beginner,Follicular,9,Standing Crunches,2,30,https://www.youtube.com/watch?v=BK5e3x4YV2U,Abs,Medium,
Beginner,Follicular,9,Superman (slow),2,30,https://www.youtube.com/watch?v=z6PJMT2y8GQ,Back,Medium,
Beginner,Follicular,9,Calf Raises,2,30,https://www.youtube.com/watch?v=YMmgqO8Jo-k,Calves,Low,
Beginner,Follicular,9,Jumping Jacks,2,30,https://www.youtube.com/watch?v=2W4ZNSwoW_4,Cardio,Medium,
Beginner,Follicular,9,Bodyweight Squats,2,30,https://www.youtube.com/watch?v=aclHkVaku9U,Legs,Medium,
Beginner,Follicular,9,Forward Lunges,2,30,https://www.youtube.com/watch?v=QOVaHwm-Q6U,Legs,Medium,
Beginner,Follicular,9,High Knees (marching),2,30,https://www.youtube.com/watch?v=OAJ_J3EZkdY,Cardio,Medium,
Beginner,Follicular,9,Arm Circles,2,30,https://www.youtube.com/watch?v=RtyQ5-MhJYc,Shoulders,Low,
Beginner,Follicular,9,Glute Bridge March,2,30,https://www.youtube.com/watch?v=3MOgJ3w3w7s,Glutes,Medium,
Beginner,Follicular,9,Push Ups (knee),2,30,https://www.youtube.com/watch?v=8zI5EoiYiE8,Chest,Medium,
Intermediate,Follicular,9,Push Ups (knee),3,30,https://www.youtube.com/watch?v=8zI5EoiYiE8,Chest,Medium,
Intermediate,Follicular,9,Plank (on knees),3,30,https://www.youtube.com/watch?v=pSHjTRCQxIw,Core,Medium,
Intermediate,Follicular,9,Bird Dog (dynamic),3,30,https://www.youtube.com/watch?v=wiFNA3sqjCA,Core,Medium,
Intermediate,Follicular,9,Standing Crunches,3,30,https://www.youtube.com/watch?v=BK5e3x4YV2U,Abs,Medium,
Intermediate,Follicular,9,Superman (slow),3,30,https://www.youtube.com/watch?v=z6PJMT2y8GQ,Back,Medium,
Intermediate,Follicular,9,Calf Raises,3,30,https://www.youtube.com/watch?v=YMmgqO8Jo-k,Calves,Medium,
Intermediate,Follicular,9,Jumping Jacks,3,30,https://www.youtube.com/watch?v=2W4ZNSwoW_4,Cardio,Medium,
Intermediate,Follicular,9,Bodyweight Squats,3,30,https://www.youtube.com/watch?v=aclHkVaku9U,Legs,Medium,
Intermediate,Follicular,9,Forward Lunges,3,30,https://www.youtube.com/watch?v=QOVaHwm-Q6U,Legs,Medium,
Intermediate,Follicular,9,High Knees (marching),3,30,https://www.youtube.com/watch?v=OAJ_J3EZkdY,Cardio,Medium,
Advanced,Follicular,9,High Knees (marching),4,30,https://www.youtube.com/watch?v=OAJ_J3EZkdY,Cardio,High,
Advanced,Follicular,9,Arm Circles,4,30,https://www.youtube.com/watch?v=RtyQ5-MhJYc,Shoulders,High,
Advanced,Follicular,9,Glute Bridge March,4,30,https://www.youtube.com/watch?v=3MOgJ3w3w7s,Glutes,High,
Advanced,Follicular,9,Push Ups (knee),4,30,https://www.youtube.com/watch?v=8zI5EoiYiE8,Chest,High,
Advanced,Follicular,9,Plank (on knees),4,30,https://www.youtube.com/watch?v=pSHjTRCQxIw,Core,High,
Advanced,Follicular,9,Bird Dog (dynamic),4,30,https://www.youtube.com/watch?v=wiFNA3sqjCA,Core,High,
Advanced,Follicular,9,Standing Crunches,4,30,https://www.youtube.com/watch?v=BK5e3x4YV2U,Abs,High,
Advanced,Follicular,9,Superman (slow),4,30,https://www.youtube.com/watch?v=z6PJMT2y8GQ,Back,High,
Advanced,Follicular,9,Calf Raises,4,30,https://www.youtube.com/watch?v=YMmgqO8Jo-k,Calves,High,
Advanced,Follicular,9,Jumping Jacks,4,30,https://www.youtube.com/watch?v=2W4ZNSwoW_4,Cardio,High,
Beginner,Follicular,10,Superman (slow),2,30,https://www.youtube.com/watch?v=z6PJMT2y8GQ,Back,Medium,
Beginner,Follicular,10,Calf Raises,2,30,https://www.youtube.com/watch?v=YMmgqO8Jo-k,Calves,Low,
Beginner,Follicular,10,Jumping Jacks,2,30,https://www.youtube.com/watch?v=2W4ZNSwoW_4,Cardio,Medium,
Beginner,Follicular,10,Bodyweight Squats,2,30,https://www.youtube.com/watch?v=aclHkVaku9U,Legs,Medium,
Beginner,Follicular,10,Forward Lunges,2,30,https://www.youtube.com/watch?v=QOVaHwm-Q6U,Legs,Medium,
Beginner,Follicular,10,High Knees (marching),2,30,https://www.youtube.com/watch?v=OAJ_J3EZkdY,Cardio,Medium,
Beginner,Follicular,10,Arm Circles,2,30,https://www.youtube.com/watch?v=RtyQ5-MhJYc,Shoulders,Low,
Beginner,Follicular,10,Glute Bridge March,2,30,https://www.youtube.com/watch?v=3MOgJ3w3w7s,Glutes,Medium,
Beginner,Follicular,10,Push Ups (knee),2,30,https://www.youtube.com/watch?v=8zI5EoiYiE8,Chest,Medium,
Beginner,Follicular,10,Plank (on knees),2,30,https://www.youtube.com/watch?v=pSHjTRCQxIw,Core,Medium,
Intermediate,Follicular,10,Bird Dog (dynamic),3,30,https://www.youtube.com/watch?v=wiFNA3sqjCA,Core,Medium,
Intermediate,Follicular,10,Standing Crunches,3,30,https://www.youtube.com/watch?v=BK5e3x4YV2U,Abs,Medium,
Intermediate,Follicular,10,Superman (slow),3,30,https://www.youtube.com/watch?v=z6PJMT2y8GQ,Back,Medium,
Intermediate,Follicular,10,Calf Raises,3,30,https://www.youtube.com/watch?v=YMmgqO8Jo-k,Calves,Medium,
Intermediate,Follicular,10,Jumping Jacks,3,30,https://www.youtube.com/watch?v=2W4ZNSwoW_4,Cardio,Medium,
Intermediate,Follicular,10,Bodyweight Squats,3,30,https://www.youtube.com/watch?v=aclHkVaku9U,Legs,Medium,
Intermediate,Follicular,10,Forward Lunges,3,30,https://www.youtube.com/watch?v=QOVaHwm-Q6U,Legs,Medium,
Intermediate,Follicular,10,High Knees (marching),3,30,https://www.youtube.com/watch?v=OAJ_J3EZkdY,Cardio,Medium,
Intermediate,Follicular,10,Arm Circles,3,30,https://www.youtube.com/watch?v=RtyQ5-MhJYc,Shoulders,Medium,
Intermediate,Follicular,10,Glute Bridge March,3,30,https://www.youtube.com/watch?v=3MOgJ3w3w7s,Glutes,Medium,
Advanced,Follicular,10,Push Ups (knee),4,30,https://www.youtube.com/watch?v=8zI5EoiYiE8,Chest,High,
Advanced,Follicular,10,Plank (on knees),4,30,https://www.youtube.com/watch?v=pSHjTRCQxIw,Core,High,
Advanced,Follicular,10,Bird Dog (dynamic),4,30,https://www.youtube.com/watch?v=wiFNA3sqjCA,Core,High,
Advanced,Follicular,10,Standing Crunches,4,30,https://www.youtube.com/watch?v=BK5e3x4YV2U,Abs,High,
Advanced,Follicular,10,Superman (slow),4,30,https://www.youtube.com/watch?v=z6PJMT2y8GQ,Back,High,
Advanced,Follicular,10,Calf Raises,4,30,https://www.youtube.com/watch?v=YMmgqO8Jo-k,Calves,High,
Advanced,Follicular,10,Jumping Jacks,4,30,https://www.youtube.com/watch?v=2W4ZNSwoW_4,Cardio,High,
Advanced,Follicular,10,Bodyweight Squats,4,30,https://www.youtube.com/watch?v=aclHkVaku9U,Legs,High,
Advanced,Follicular,10,Forward Lunges,4,30,https://www.youtube.com/watch?v=QOVaHwm-Q6U,Legs,High,
Advanced,Follicular,10,High Knees (marching),4,30,https://www.youtube.com/watch?v=OAJ_J3EZkdY,Cardio,High,
Beginner,Follicular,11,Calf Raises,2,30,https://www.youtube.com/watch?v=YMmgqO8Jo-k,Calves,Low,
Beginner,Follicular,11,Jumping Jacks,2,30,https://www.youtube.com/watch?v=2W4ZNSwoW_4,Cardio,Medium,
Beginner,Follicular,11,Bodyweight Squats,2,30,https://www.youtube.com/watch?v=aclHkVaku9U,Legs,Medium,
Beginner,Follicular,11,Forward Lunges,2,30,https://www.youtube.com/watch?v=QOVaHwm-Q6U,Legs,Medium,
Beginner,Follicular,11,High Knees (marching),2,30,https://www.youtube.com/watch?v=OAJ_J3EZkdY,Cardio,Medium,
Beginner,Follicular,11,Arm Circles,2,30,https://www.youtube.com/watch?v=RtyQ5-MhJYc,Shoulders,Low,
Beginner,Follicular,11,Glute Bridge March,2,30,https://www.youtube.com/watch?v=3MOgJ3w3w7s,Glutes,Medium,
Beginner,Follicular,11,Push Ups (knee),2,30,https://www.youtube.com/watch?v=8zI5EoiYiE8,Chest,Medium,
Beginner,Follicular,11,Plank (on knees),2,30,https://www.youtube.com/watch?v=pSHjTRCQxIw,Core,Medium,
Beginner,Follicular,11,Bird Dog (dynamic),2,30,https://www.youtube.com/watch?v=wiFNA3sqjCA,Core,Medium,
Intermediate,Follicular,11,Superman (slow),3,30,https://www.youtube.com/watch?v=z6PJMT2y8GQ,Back,Medium,
Intermediate,Follicular,11,Calf Raises,3,30,https://www.youtube.com/watch?v=YMmgqO8Jo-k,Calves,Medium,
Intermediate,Follicular,11,Jumping Jacks,3,30,https://www.youtube.com/watch?v=2W4ZNSwoW_4,Cardio,Medium,
Intermediate,Follicular,11,Bodyweight Squats,3,30,https://www.youtube.com/watch?v=aclHkVaku9U,Legs,Medium,
Intermediate,Follicular,11,Forward Lunges,3,30,https://www.youtube.com/watch?v=QOVaHwm-Q6U,Legs,Medium,
Intermediate,Follicular,11,High Knees (marching),3,30,https://www.youtube.com/watch?v=OAJ_J3EZkdY,Cardio,Medium,
Intermediate,Follicular,11,Arm Circles,3,30,https://www.youtube.com/watch?v=RtyQ5-MhJYc,Shoulders,Medium,
Intermediate,Follicular,11,Glute Bridge March,3,30,https://www.youtube.com/watch?v=3MOgJ3w3w7s,Glutes,Medium,
Intermediate,Follicular,11,Push Ups (knee),3,30,https://www.youtube.com/watch?v=8zI5EoiYiE8,Chest,Medium,
Intermediate,Follicular,11,Plank (on knees),3,30,https://www.youtube.com/watch?v=pSHjTRCQxIw,Core,Medium,
Advanced,Follicular,11,Standing Crunches,4,30,https://www.youtube.com/watch?v=BK5e3x4YV2U,Abs,High,
Advanced,Follicular,11,Superman (slow),4,30,https://www.youtube.com/watch?v=z6PJMT2y8GQ,Back,High,
Advanced,Follicular,11,Calf Raises,4,30,https://www.youtube.com/watch?v=YMmgqO8Jo-k,Calves,High,
Advanced,Follicular,11,Jumping Jacks,4,30,https://www.youtube.com/watch?v=2W4ZNSwoW_4,Cardio,High,
Advanced,Follicular,11,Bodyweight Squats,4,30,https://www.youtube.com/watch?v=aclHkVaku9U,Legs,High,
Advanced,Follicular,11,Forward Lunges,4,30,https://www.youtube.com/watch?v=QOVaHwm-Q6U,Legs,High,
Advanced,Follicular,11,High Knees (marching),4,30,https://www.youtube.com/watch?v=OAJ_J3EZkdY,Cardio,High,
Advanced,Follicular,11,Arm Circles,4,30,https://www.youtube.com/watch?v=RtyQ5-MhJYc,Shoulders,High,
Advanced,Follicular,11,Glute Bridge March,4,30,https://www.youtube.com/watch?v=3MOgJ3w3w7s,Glutes,High,
Advanced,Follicular,11,Push Ups (knee),4,30,https://www.youtube.com/watch?v=8zI5EoiYiE8,Chest,High,
Beginner,Follicular,12,Jumping Jacks,2,30,https://www.youtube.com/watch?v=2W4ZNSwoW_4,Cardio,Medium,
Beginner,Follicular,12,Bodyweight Squats,2,30,https://www.youtube.com/watch?v=aclHkVaku9U,Legs,Medium,
Beginner,Follicular,12,Forward Lunges,2,30,https://www.youtube.com/watch?v=QOVaHwm-Q6U,Legs,Medium,
Beginner,Follicular,12,High Knees (marching),2,30,https://www.youtube.com/watch?v=OAJ_J3EZkdY,Cardio,Medium,
Beginner,Follicular,12,Arm Circles,2,30,https://www.youtube.com/watch?v=RtyQ5-MhJYc,Shoulders,Low,
Beginner,Follicular,12,Glute Bridge March,2,30,https://www.youtube.com/watch?v=3MOgJ3w3w7s,Glutes,Medium,
Beginner,Follicular,12,Push Ups (knee),2,30,https://www.youtube.com/watch?v=8zI5EoiYiE8,Chest,Medium,
Beginner,Follicular,12,Plank (on knees),2,30,https://www.youtube.com/watch?v=pSHjTRCQxIw,Core,Medium,
Beginner,Follicular,12,Bird Dog (dynamic),2,30,https://www.youtube.com/watch?v=wiFNA3sqjCA,Core,Medium,
Beginner,Follicular,12,Standing Crunches,2,30,https://www.youtube.com/watch?v=BK5e3x4YV2U,Abs,Medium,
Intermediate,Follicular,12,Jumping Jacks,3,30,https://www.youtube.com/watch?v=2W4ZNSwoW_4,Cardio,Medium,
Intermediate,Follicular,12,Bodyweight Squats,3,30,https://www.youtube.com/watch?v=aclHkVaku9U,Legs,Medium,
Intermediate,Follicular,12,Forward Lunges,3,30,https://www.youtube.com/watch?v=QOVaHwm-Q6U,Legs,Medium,
Intermediate,Follicular,12,High Knees (marching),3,30,https://www.youtube.com/watch?v=OAJ_J3EZkdY,Cardio,Medium,
Intermediate,Follicular,12,Arm Circles,3,30,https://www.youtube.com/watch?v=RtyQ5-MhJYc,Shoulders,Medium,
Intermediate,Follicular,12,Glute Bridge March,3,30,https://www.youtube.com/watch?v=3MOgJ3w3w7s,Glutes,Medium,
Intermediate,Follicular,12,Push Ups (knee),3,30,https://www.youtube.com/watch?v=8zI5EoiYiE8,Chest,Medium,
Intermediate,Follicular,12,Plank (on knees),3,30,https://www.youtube.com/watch?v=pSHjTRCQxIw,Core,Medium,
Intermediate,Follicular,12,Bird Dog (dynamic),3,30,https://www.youtube.com/watch?v=wiFNA3sqjCA,Core,Medium,
Intermediate,Follicular,12,Standing Crunches,3,30,https://www.youtube.com/watch?v=BK5e3x4YV2U,Abs,Medium,
Advanced,Follicular,12,Jumping Jacks,4,30,https://www.youtube.com/watch?v=2W4ZNSwoW_4,Cardio,High,
Advanced,Follicular,12,Bodyweight Squats,4,30,https://www.youtube.com/watch?v=aclHkVaku9U,Legs,High,
Advanced,Follicular,12,Forward Lunges,4,30,https://www.youtube.com/watch?v=QOVaHwm-Q6U,Legs,High,
Advanced,Follicular,12,High Knees (marching),4,30,https://www.youtube.com/watch?v=OAJ_J3EZkdY,Cardio,High,
Advanced,Follicular,12,Arm Circles,4,30,https://www.youtube.com/watch?v=RtyQ5-MhJYc,Shoulders,High,
Advanced,Follicular,12,Glute Bridge March,4,30,https://www.youtube.com/watch?v=3MOgJ3w3w7s,Glutes,High,
Advanced,Follicular,12,Push Ups (knee),4,30,https://www.youtube.com/watch?v=8zI5EoiYiE8,Chest,High,
Advanced,Follicular,12,Plank (on knees),4,30,https://www.youtube.com/watch?v=pSHjTRCQxIw,Core,High,
Advanced,Follicular,12,Bird Dog (dynamic),4,30,https://www.youtube.com/watch?v=wiFNA3sqjCA,Core,High,
Advanced,Follicular,12,Standing Crunches,4,30,https://www.youtube.com/watch?v=BK5e3x4YV2U,Abs,High,
Beginner,Follicular,13,Bodyweight Squats,2,30,https://www.youtube.com/watch?v=aclHkVaku9U,Legs,Medium,
Beginner,Follicular,13,Forward Lunges,2,30,https://www.youtube.com/watch?v=QOVaHwm-Q6U,Legs,Medium,
Beginner,Follicular,13,High Knees (marching),2,30,https://www.youtube.com/watch?v=OAJ_J3EZkdY,Cardio,Medium,
Beginner,Follicular,13,Arm Circles,2,30,https://www.youtube.com/watch?v=RtyQ5-MhJYc,Shoulders,Low,
Beginner,Follicular,13,Glute Bridge March,2,30,https://www.youtube.com/watch?v=3MOgJ3w3w7s,Glutes,Medium,
Beginner,Follicular,13,Push Ups (knee),2,30,https://www.youtube.com/watch?v=8zI5EoiYiE8,Chest,Medium,
Beginner,Follicular,13,Plank (on knees),2,30,https://www.youtube.com/watch?v=pSHjTRCQxIw,Core,Medium,
Beginner,Follicular,13,Bird Dog (dynamic),2,30,https://www.youtube.com/watch?v=wiFNA3sqjCA,Core,Medium,
Beginner,Follicular,13,Standing Crunches,2,30,https://www.youtube.com/watch?v=BK5e3x4YV2U,Abs,Medium,
Beginner,Follicular,13,Superman (slow),2,30,https://www.youtube.com/watch?v=z6PJMT2y8GQ,Back,Medium,
Intermediate,Follicular,13,Forward Lunges,3,30,https://www.youtube.com/watch?v=QOVaHwm-Q6U,Legs,Medium,
Intermediate,Follicular,13,High Knees (marching),3,30,https://www.youtube.com/watch?v=OAJ_J3EZkdY,Cardio,Medium,
Intermediate,Follicular,13,Arm Circles,3,30,https://www.youtube.com/watch?v=RtyQ5-MhJYc,Shoulders,Medium,
Intermediate,Follicular,13,Glute Bridge March,3,30,https://www.youtube.com/watch?v=3MOgJ3w3w7s,Glutes,Medium,
Intermediate,Follicular,13,Push Ups (knee),3,30,https://www.youtube.com/watch?v=8zI5EoiYiE8,Chest,Medium,
Intermediate,Follicular,13,Plank (on knees),3,30,https://www.youtube.com/watch?v=pSHjTRCQxIw,Core,Medium,
Intermediate,Follicular,13,Bird Dog (dynamic),3,30,https://www.youtube.com/watch?v=wiFNA3sqjCA,Core,Medium,
Intermediate,Follicular,13,Standing Crunches,3,30,https://www.youtube.com/watch?v=BK5e3x4YV2U,Abs,Medium,
Intermediate,Follicular,13,Superman (slow),3,30,https://www.youtube.com/watch?v=z6PJMT2y8GQ,Back,Medium,
Intermediate,Follicular,13,Calf Raises,3,30,https://www.youtube.com/watch?v=YMmgqO8Jo-k,Calves,Medium,
Advanced,Follicular,13,High Knees (marching),4,30,https://www.youtube.com/watch?v=OAJ_J3EZkdY,Cardio,High,
Advanced,Follicular,13,Arm Circles,4,30,https://www.youtube.com/watch?v=RtyQ5-MhJYc,Shoulders,High,
Advanced,Follicular,13,Glute Bridge March,4,30,https://www.youtube.com/watch?v=3MOgJ3w3w7s,Glutes,High,
Advanced,Follicular,13,Push Ups (knee),4,30,https://www.youtube.com/watch?v=8zI5EoiYiE8,Chest,High,
Advanced,Follicular,13,Plank (on knees),4,30,https://www.youtube.com/watch?v=pSHjTRCQxIw,Core,High,
Advanced,Follicular,13,Bird Dog (dynamic),4,30,https://www.youtube.com/watch?v=wiFNA3sqjCA,Core,High,
Advanced,Follicular,13,Standing Crunches,4,30,https://www.youtube.com/watch?v=BK5e3x4YV2U,Abs,High,
Advanced,Follicular,13,Superman (slow),4,30,https://www.youtube.com/watch?v=z6PJMT2y8GQ,Back,High,
Advanced,Follicular,13,Calf Raises,4,30,https://www.youtube.com/watch?v=YMmgqO8Jo-k,Calves,High,
Advanced,Follicular,13,Jumping Jacks,4,30,https://www.youtube.com/watch?v=2W4ZNSwoW_4,Cardio,High,
Beginner,Follicular,14,Forward Lunges,2,30,https://www.youtube.com/watch?v=QOVaHwm-Q6U,Legs,Medium,
Beginner,Follicular,14,High Knees (marching),2,30,https://www.youtube.com/watch?v=OAJ_J3EZkdY,Cardio,Medium,
Beginner,Follicular,14,Arm Circles,2,30,https://www.youtube.com/watch?v=RtyQ5-MhJYc,Shoulders,Low,
Beginner,Follicular,14,Glute Bridge March,2,30,https://www.youtube.com/watch?v=3MOgJ3w3w7s,Glutes,Medium,
Beginner,Follicular,14,Push Ups (knee),2,30,https://www.youtube.com/watch?v=8zI5EoiYiE8,Chest,Medium,
Beginner,Follicular,14,Plank (on knees),2,30,https://www.youtube.com/watch?v=pSHjTRCQxIw,Core,Medium,
Beginner,Follicular,14,Bird Dog (dynamic),2,30,https://www.youtube.com/watch?v=wiFNA3sqjCA,Core,Medium,
Beginner,Follicular,14,Standing Crunches,2,30,https://www.youtube.com/watch?v=BK5e3x4YV2U,Abs,Medium,
Beginner,Follicular,14,Superman (slow),2,30,https://www.youtube.com/watch?v=z6PJMT2y8GQ,Back,Medium,
Beginner,Follicular,14,Calf Raises,2,30,https://www.youtube.com/watch?v=YMmgqO8Jo-k,Calves,Low,
Intermediate,Follicular,14,Arm Circles,3,30,https://www.youtube.com/watch?v=RtyQ5-MhJYc,Shoulders,Medium,
Intermediate,Follicular,14,Glute Bridge March,3,30,https://www.youtube.com/watch?v=3MOgJ3w3w7s,Glutes,Medium,
Intermediate,Follicular,14,Push Ups (knee),3,30,https://www.youtube.com/watch?v=8zI5EoiYiE8,Chest,Medium,
Intermediate,Follicular,14,Plank (on knees),3,30,https://www.youtube.com/watch?v=pSHjTRCQxIw,Core,Medium,
Intermediate,Follicular,14,Bird Dog (dynamic),3,30,https://www.youtube.com/watch?v=wiFNA3sqjCA,Core,Medium,
Intermediate,Follicular,14,Standing Crunches,3,30,https://www.youtube.com/watch?v=BK5e3x4YV2U,Abs,Medium,
Intermediate,Follicular,14,Superman (slow),3,30,https://www.youtube.com/watch?v=z6PJMT2y8GQ,Back,Medium,
Intermediate,Follicular,14,Calf Raises,3,30,https://www.youtube.com/watch?v=YMmgqO8Jo-k,Calves,Medium,
Intermediate,Follicular,14,Jumping Jacks,3,30,https://www.youtube.com/watch?v=2W4ZNSwoW_4,Cardio,Medium,
Intermediate,Follicular,14,Bodyweight Squats,3,30,https://www.youtube.com/watch?v=aclHkVaku9U,Legs,Medium,
Advanced,Follicular,14,Push Ups (knee),4,30,https://www.youtube.com/watch?v=8zI5EoiYiE8,Chest,High,
Advanced,Follicular,14,Plank (on knees),4,30,https://www.youtube.com/watch?v=pSHjTRCQxIw,Core,High,
Advanced,Follicular,14,Bird Dog (dynamic),4,30,https://www.youtube.com/watch?v=wiFNA3sqjCA,Core,High,
Advanced,Follicular,14,Standing Crunches,4,30,https://www.youtube.com/watch?v=BK5e3x4YV2U,Abs,High,
Advanced,Follicular,14,Superman (slow),4,30,https://www.youtube.com/watch?v=z6PJMT2y8GQ,Back,High,
Advanced,Follicular,14,Calf Raises,4,30,https://www.youtube.com/watch?v=YMmgqO8Jo-k,Calves,High,
Advanced,Follicular,14,Jumping Jacks,4,30,https://www.youtube.com/watch?v=2W4ZNSwoW_4,Cardio,High,
Advanced,Follicular,14,Bodyweight Squats,4,30,https://www.youtube.com/watch?v=aclHkVaku9U,Legs,High,
Advanced,Follicular,14,Forward Lunges,4,30,https://www.youtube.com/watch?v=QOVaHwm-Q6U,Legs,High,
Advanced,Follicular,14,High Knees (marching),4,30,https://www.youtube.com/watch?v=OAJ_J3EZkdY,Cardio,High,
Beginner,Ovulatory,15,Plank Jacks,2,30,https://www.youtube.com/watch?v=dmYwZH_BNd0,Core,High,
Beginner,Ovulatory,15,Jump Lunges,2,30,https://www.youtube.com/watch?v=1SXrZtiJgrk,Legs,High,
Beginner,Ovulatory,15,Mountain Climbers,2,30,https://www.youtube.com/watch?v=nmwgirgXLYM,Cardio,High,
Beginner,Ovulatory,15,Side Plank (dynamic),2,30,https://www.youtube.com/watch?v=K2VljzCC16g,Obliques,High,
Beginner,Ovulatory,15,Bicycle Crunches,2,30,https://www.youtube.com/watch?v=9FGilxCbdz8,Abs,High,
Beginner,Ovulatory,15,Tuck Jumps,2,30,https://www.youtube.com/watch?v=U6etfG8f8jY,Cardio,High,
Beginner,Ovulatory,15,Inchworms,2,30,https://www.youtube.com/watch?v=8xhxU7gKX3k,Full Body,High,
Beginner,Ovulatory,15,High Knees (fast),2,30,https://www.youtube.com/watch?v=OAJ_J3EZkdY,Cardio,High,
Beginner,Ovulatory,15,Jump Squats,2,30,https://www.youtube.com/watch?v=U4s4mEQ5VqU,Legs,High,
Beginner,Ovulatory,15,Burpees,2,30,https://www.youtube.com/watch?v=TU8QYVW0gDU,Full Body,High,
Intermediate,Ovulatory,15,Bicycle Crunches,3,30,https://www.youtube.com/watch?v=9FGilxCbdz8,Abs,High,
Intermediate,Ovulatory,15,Tuck Jumps,3,30,https://www.youtube.com/watch?v=U6etfG8f8jY,Cardio,High,
Intermediate,Ovulatory,15,Inchworms,3,30,https://www.youtube.com/watch?v=8xhxU7gKX3k,Full Body,High,
Intermediate,Ovulatory,15,High Knees (fast),3,30,https://www.youtube.com/watch?v=OAJ_J3EZkdY,Cardio,High,
Intermediate,Ovulatory,15,Jump Squats,3,30,https://www.youtube.com/watch?v=U4s4mEQ5VqU,Legs,High,
Intermediate,Ovulatory,15,Burpees,3,30,https://www.youtube.com/watch?v=TU8QYVW0gDU,Full Body,High,
Intermediate,Ovulatory,15,Push Ups (regular),3,30,https://www.youtube.com/watch?v=_l3ySVKYVJ8,Chest,High,
Intermediate,Ovulatory,15,Plank Jacks,3,30,https://www.youtube.com/watch?v=dmYwZH_BNd0,Core,High,
Intermediate,Ovulatory,15,Jump Lunges,3,30,https://www.youtube.com/watch?v=1SXrZtiJgrk,Legs,High,
Intermediate,Ovulatory,15,Mountain Climbers,3,30,https://www.youtube.com/watch?v=nmwgirgXLYM,Cardio,High,
Advanced,Ovulatory,15,Jump Squats,4,30,https://www.youtube.com/watch?v=U4s4mEQ5VqU,Legs,High,
Advanced,Ovulatory,15,Burpees,4,30,https://www.youtube.com/watch?v=TU8QYVW0gDU,Full Body,High,
Advanced,Ovulatory,15,Push Ups (regular),4,30,https://www.youtube.com/watch?v=_l3ySVKYVJ8,Chest,High,
Advanced,Ovulatory,15,Plank Jacks,4,30,https://www.youtube.com/watch?v=dmYwZH_BNd0,Core,High,
Advanced,Ovulatory,15,Jump Lunges,4,30,https://www.youtube.com/watch?v=1SXrZtiJgrk,Legs,High,
Advanced,Ovulatory,15,Mountain Climbers,4,30,https://www.youtube.com/watch?v=nmwgirgXLYM,Cardio,High,
Advanced,Ovulatory,15,Side Plank (dynamic),4,30,https://www.youtube.com/watch?v=K2VljzCC16g,Obliques,High,
Advanced,Ovulatory,15,Bicycle Crunches,4,30,https://www.youtube.com/watch?v=9FGilxCbdz8,Abs,High,
Advanced,Ovulatory,15,Tuck Jumps,4,30,https://www.youtube.com/watch?v=U6etfG8f8jY,Cardio,High,
Advanced,Ovulatory,15,Inchworms,4,30,https://www.youtube.com/watch?v=8xhxU7gKX3k,Full Body,High,
Beginner,Ovulatory,16,Jump Lunges,2,30,https://www.youtube.com/watch?v=1SXrZtiJgrk,Legs,High,
Beginner,Ovulatory,16,Mountain Climbers,2,30,https://www.youtube.com/watch?v=nmwgirgXLYM,Cardio,High,
Beginner,Ovulatory,16,Side Plank (dynamic),2,30,https://www.youtube.com/watch?v=K2VljzCC16g,Obliques,High,
Beginner,Ovulatory,16,Bicycle Crunches,2,30,https://www.youtube.com/watch?v=9FGilxCbdz8,Abs,High,
Beginner,Ovulatory,16,Tuck Jumps,2,30,https://www.youtube.com/watch?v=U6etfG8f8jY,Cardio,High,
Beginner,Ovulatory,16,Inchworms,2,30,https://www.youtube.com/watch?v=8xhxU7gKX3k,Full Body,High,
Beginner,Ovulatory,16,High Knees (fast),2,30,https://www.youtube.com/watch?v=OAJ_J3EZkdY,Cardio,High,
Beginner,Ovulatory,16,Jump Squats,2,30,https://www.youtube.com/watch?v=U4s4mEQ5VqU,Legs,High,
Beginner,Ovulatory,16,Burpees,2,30,https://www.youtube.com/watch?v=TU8QYVW0gDU,Full Body,High,
Beginner,Ovulatory,16,Push Ups (regular),2,30,https://www.youtube.com/watch?v=_l3ySVKYVJ8,Chest,High,
Intermediate,Ovulatory,16,Inchworms,3,30,https://www.youtube.com/watch?v=8xhxU7gKX3k,Full Body,High,
Intermediate,Ovulatory,16,High Knees (fast),3,30,https://www.youtube.com/watch?v=OAJ_J3EZkdY,Cardio,High,
Intermediate,Ovulatory,16,Jump Squats,3,30,https://www.youtube.com/watch?v=U4s4mEQ5VqU,Legs,High,
Intermediate,Ovulatory,16,Burpees,3,30,https://www.youtube.com/watch?v=TU8QYVW0gDU,Full Body,High,
Intermediate,Ovulatory,16,Push Ups (regular),3,30,https://www.youtube.com/watch?v=_l3ySVKYVJ8,Chest,High,
Intermediate,Ovulatory,16,Plank Jacks,3,30,https://www.youtube.com/watch?v=dmYwZH_BNd0,Core,High,
Intermediate,Ovulatory,16,Jump Lunges,3,30,https://www.youtube.com/watch?v=1SXrZtiJgrk,Legs,High,
Intermediate,Ovulatory,16,Mountain Climbers,3,30,https://www.youtube.com/watch?v=nmwgirgXLYM,Cardio,High,
Intermediate,Ovulatory,16,Side Plank (dynamic),3,30,https://www.youtube.com/watch?v=K2VljzCC16g,Obliques,High,
Intermediate,Ovulatory,16,Bicycle Crunches,3,30,https://www.youtube.com/watch?v=9FGilxCbdz8,Abs,High,
Advanced,Ovulatory,16,Plank Jacks,4,30,https://www.youtube.com/watch?v=dmYwZH_BNd0,Core,High,
Advanced,Ovulatory,16,Jump Lunges,4,30,https://www.youtube.com/watch?v=1SXrZtiJgrk,Legs,High,
Advanced,Ovulatory,16,Mountain Climbers,4,30,https://www.youtube.com/watch?v=nmwgirgXLYM,Cardio,High,
Advanced,Ovulatory,16,Side Plank (dynamic),4,30,https://www.youtube.com/watch?v=K2VljzCC16g,Obliques,High,
Advanced,Ovulatory,16,Bicycle Crunches,4,30,https://www.youtube.com/watch?v=9FGilxCbdz8,Abs,High,
Advanced,Ovulatory,16,Tuck Jumps,4,30,https://www.youtube.com/watch?v=U6etfG8f8jY,Cardio,High,
Advanced,Ovulatory,16,Inchworms,4,30,https://www.youtube.com/watch?v=8xhxU7gKX3k,Full Body,High,
Advanced,Ovulatory,16,High Knees (fast),4,30,https://www.youtube.com/watch?v=OAJ_J3EZkdY,Cardio,High,
Advanced,Ovulatory,16,Jump Squats,4,30,https://www.youtube.com/watch?v=U4s4mEQ5VqU,Legs,High,
Advanced,Ovulatory,16,Burpees,4,30,https://www.youtube.com/watch?v=TU8QYVW0gDU,Full Body,High,
Beginner,Ovulatory,17,Mountain Climbers,2,30,https://www.youtube.com/watch?v=nmwgirgXLYM,Cardio,High,
Beginner,Ovulatory,17,Side Plank (dynamic),2,30,https://www.youtube.com/watch?v=K2VljzCC16g,Obliques,High,
Beginner,Ovulatory,17,Bicycle Crunches,2,30,https://www.youtube.com/watch?v=9FGilxCbdz8,Abs,High,
Beginner,Ovulatory,17,Tuck Jumps,2,30,https://www.youtube.com/watch?v=U6etfG8f8jY,Cardio,High,
Beginner,Ovulatory,17,Inchworms,2,30,https://www.youtube.com/watch?v=8xhxU7gKX3k,Full Body,High,
Beginner,Ovulatory,17,High Knees (fast),2,30,https://www.youtube.com/watch?v=OAJ_J3EZkdY,Cardio,High,
Beginner,Ovulatory,17,Jump Squats,2,30,https://www.youtube.com/watch?v=U4s4mEQ5VqU,Legs,High,
Beginner,Ovulatory,17,Burpees,2,30,https://www.youtube.com/watch?v=TU8QYVW0gDU,Full Body,High,
Beginner,Ovulatory,17,Push Ups (regular),2,30,https://www.youtube.com/watch?v=_l3ySVKYVJ8,Chest,High,
Beginner,Ovulatory,17,Plank Jacks,2,30,https://www.youtube.com/watch?v=dmYwZH_BNd0,Core,High,
Intermediate,Ovulatory,17,Jump Squats,3,30,https://www.youtube.com/watch?v=U4s4mEQ5VqU,Legs,High,
Intermediate,Ovulatory,17,Burpees,3,30,https://www.youtube.com/watch?v=TU8QYVW0gDU,Full Body,High,
Intermediate,Ovulatory,17,Push Ups (regular),3,30,https://www.youtube.com/watch?v=_l3ySVKYVJ8,Chest,High,
Intermediate,Ovulatory,17,Plank Jacks,3,30,https://www.youtube.com/watch?v=dmYwZH_BNd0,Core,High,
Intermediate,Ovulatory,17,Jump Lunges,3,30,https://www.youtube.com/watch?v=1SXrZtiJgrk,Legs,High,
Intermediate,Ovulatory,17,Mountain Climbers,3,30,https://www.youtube.com/watch?v=nmwgirgXLYM,Cardio,High,
Intermediate,Ovulatory,17,Side Plank (dynamic),3,30,https://www.youtube.com/watch?v=K2VljzCC16g,Obliques,High,
Intermediate,Ovulatory,17,Bicycle Crunches,3,30,https://www.youtube.com/watch?v=9FGilxCbdz8,Abs,High,
Intermediate,Ovulatory,17,Tuck Jumps,3,30,https://www.youtube.com/watch?v=U6etfG8f8jY,Cardio,High,
Intermediate,Ovulatory,17,Inchworms,3,30,https://www.youtube.com/watch?v=8xhxU7gKX3k,Full Body,High,
Advanced,Ovulatory,17,Side Plank (dynamic),4,30,https://www.youtube.com/watch?v=K2VljzCC16g,Obliques,High,
Advanced,Ovulatory,17,Bicycle Crunches,4,30,https://www.youtube.com/watch?v=9FGilxCbdz8,Abs,High,
Advanced,Ovulatory,17,Tuck Jumps,4,30,https://www.youtube.com/watch?v=U6etfG8f8jY,Cardio,High,
Advanced,Ovulatory,17,Inchworms,4,30,https://www.youtube.com/watch?v=8xhxU7gKX3k,Full Body,High,
Advanced,Ovulatory,17,High Knees (fast),4,30,https://www.youtube.com/watch?v=OAJ_J3EZkdY,Cardio,High,
Advanced,Ovulatory,17,Jump Squats,4,30,https://www.youtube.com/watch?v=U4s4mEQ5VqU,Legs,High,
Advanced,Ovulatory,17,Burpees,4,30,https://www.youtube.com/watch?v=TU8QYVW0gDU,Full Body,High,
Advanced,Ovulatory,17,Push Ups (regular),4,30,https://www.youtube.com/watch?v=_l3ySVKYVJ8,Chest,High,
Advanced,Ovulatory,17,Plank Jacks,4,30,https://www.youtube.com/watch?v=dmYwZH_BNd0,Core,High,
Advanced,Ovulatory,17,Jump Lunges,4,30,https://www.youtube.com/watch?v=1SXrZtiJgrk,Legs,High,
Beginner,Luteal,18,Seated Forward Fold,2,30,https://www.youtube.com/watch?v=p6CMso14NWk,Flexibility,Low,
Beginner,Luteal,18,Forward Lunges (slow),2,30,https://www.youtube.com/watch?v=QOVaHwm-Q6U,Legs,Medium,
Beginner,Luteal,18,Forearm Plank,2,30,https://www.youtube.com/watch?v=pSHjTRCQxIw,Core,Medium,
Beginner,Luteal,18,Standing Hip Flexor Stretch,2,30,https://www.youtube.com/watch?v=Z8sRNSrZ3Zg,Hips,Low,
Beginner,Luteal,18,Glute Bridge,2,30,https://www.youtube.com/watch?v=wPM8icPu6H8,Glutes,Medium,
Beginner,Luteal,18,Bodyweight Squats (controlled),2,30,https://www.youtube.com/watch?v=aclHkVaku9U,Legs,Medium,
Beginner,Luteal,18,Side Lying Leg Raises,2,30,https://www.youtube.com/watch?v=3v5Lz4j9r0Q,Glutes,Low,
Beginner,Luteal,18,Pilates Hundred (modified),2,30,https://www.youtube.com/watch?v=4kWTgFf2pHc,Core,Medium,
Beginner,Luteal,18,Standing Side Crunch,2,30,https://www.youtube.com/watch?v=bkD9LwDBWW0,Obliques,Medium,
Beginner,Luteal,18,Bird Dog,2,30,https://www.youtube.com/watch?v=wiFNA3sqjCA,Core,Medium,
Intermediate,Luteal,18,Pilates Hundred (modified),3,30,https://www.youtube.com/watch?v=4kWTgFf2pHc,Core,Medium,
Intermediate,Luteal,18,Standing Side Crunch,3,30,https://www.youtube.com/watch?v=bkD9LwDBWW0,Obliques,Medium,
Intermediate,Luteal,18,Bird Dog,3,30,https://www.youtube.com/watch?v=wiFNA3sqjCA,Core,Medium,
Intermediate,Luteal,18,Wall Sit,3,30,https://www.youtube.com/watch?v=-cdph8hv0O0,Legs,Medium,
Intermediate,Luteal,18,Seated Forward Fold,3,30,https://www.youtube.com/watch?v=p6CMso14NWk,Flexibility,Medium,
Intermediate,Luteal,18,Forward Lunges (slow),3,30,https://www.youtube.com/watch?v=QOVaHwm-Q6U,Legs,Medium,
Intermediate,Luteal,18,Forearm Plank,3,30,https://www.youtube.com/watch?v=pSHjTRCQxIw,Core,Medium,
Intermediate,Luteal,18,Standing Hip Flexor Stretch,3,30,https://www.youtube.com/watch?v=Z8sRNSrZ3Zg,Hips,Medium,
Intermediate,Luteal,18,Glute Bridge,3,30,https://www.youtube.com/watch?v=wPM8icPu6H8,Glutes,Medium,
Intermediate,Luteal,18,Bodyweight Squats (controlled),3,30,https://www.youtube.com/watch?v=aclHkVaku9U,Legs,Medium,
Advanced,Luteal,18,Standing Hip Flexor Stretch,4,30,https://www.youtube.com/watch?v=Z8sRNSrZ3Zg,Hips,High,
Advanced,Luteal,18,Glute Bridge,4,30,https://www.youtube.com/watch?v=wPM8icPu6H8,Glutes,High,
Advanced,Luteal,18,Bodyweight Squats (controlled),4,30,https://www.youtube.com/watch?v=aclHkVaku9U,Legs,High,
Advanced,Luteal,18,Side Lying Leg Raises,4,30,https://www.youtube.com/watch?v=3v5Lz4j9r0Q,Glutes,High,
Advanced,Luteal,18,Pilates Hundred (modified),4,30,https://www.youtube.com/watch?v=4kWTgFf2pHc,Core,High,
Advanced,Luteal,18,Standing Side Crunch,4,30,https://www.youtube.com/watch?v=bkD9LwDBWW0,Obliques,High,
Advanced,Luteal,18,Bird Dog,4,30,https://www.youtube.com/watch?v=wiFNA3sqjCA,Core,High,
Advanced,Luteal,18,Wall Sit,4,30,https://www.youtube.com/watch?v=-cdph8hv0O0,Legs,High,
Advanced,Luteal,18,Seated Forward Fold,4,30,https://www.youtube.com/watch?v=p6CMso14NWk,Flexibility,High,
Advanced,Luteal,18,Forward Lunges (slow),4,30,https://www.youtube.com/watch?v=QOVaHwm-Q6U,Legs,High,
Beginner,Luteal,19,Forward Lunges (slow),2,30,https://www.youtube.com/watch?v=QOVaHwm-Q6U,Legs,Medium,
Beginner,Luteal,19,Forearm Plank,2,30,https://www.youtube.com/watch?v=pSHjTRCQxIw,Core,Medium,
Beginner,Luteal,19,Standing Hip Flexor Stretch,2,30,https://www.youtube.com/watch?v=Z8sRNSrZ3Zg,Hips,Low,
Beginner,Luteal,19,Glute Bridge,2,30,https://www.youtube.com/watch?v=wPM8icPu6H8,Glutes,Medium,
Beginner,Luteal,19,Bodyweight Squats (controlled),2,30,https://www.youtube.com/watch?v=aclHkVaku9U,Legs,Medium,
Beginner,Luteal,19,Side Lying Leg Raises,2,30,https://www.youtube.com/watch?v=3v5Lz4j9r0Q,Glutes,Low,
Beginner,Luteal,19,Pilates Hundred (modified),2,30,https://www.youtube.com/watch?v=4kWTgFf2pHc,Core,Medium,
Beginner,Luteal,19,Standing Side Crunch,2,30,https://www.youtube.com/watch?v=bkD9LwDBWW0,Obliques,Medium,
Beginner,Luteal,19,Bird Dog,2,30,https://www.youtube.com/watch?v=wiFNA3sqjCA,Core,Medium,
Beginner,Luteal,19,Wall Sit,2,30,https://www.youtube.com/watch?v=-cdph8hv0O0,Legs,Low,
Intermediate,Luteal,19,Bird Dog,3,30,https://www.youtube.com/watch?v=wiFNA3sqjCA,Core,Medium,
Intermediate,Luteal,19,Wall Sit,3,30,https://www.youtube.com/watch?v=-cdph8hv0O0,Legs,Medium,
Intermediate,Luteal,19,Seated Forward Fold,3,30,https://www.youtube.com/watch?v=p6CMso14NWk,Flexibility,Medium,
Intermediate,Luteal,19,Forward Lunges (slow),3,30,https://www.youtube.com/watch?v=QOVaHwm-Q6U,Legs,Medium,
Intermediate,Luteal,19,Forearm Plank,3,30,https://www.youtube.com/watch?v=pSHjTRCQxIw,Core,Medium,
Intermediate,Luteal,19,Standing Hip Flexor Stretch,3,30,https://www.youtube.com/watch?v=Z8sRNSrZ3Zg,Hips,Medium,
Intermediate,Luteal,19,Glute Bridge,3,30,https://www.youtube.com/watch?v=wPM8icPu6H8,Glutes,Medium,
Intermediate,Luteal,19,Bodyweight Squats (controlled),3,30,https://www.youtube.com/watch?v=aclHkVaku9U,Legs,Medium,
Intermediate,Luteal,19,Side Lying Leg Raises,3,30,https://www.youtube.com/watch?v=3v5Lz4j9r0Q,Glutes,Medium,
Intermediate,Luteal,19,Pilates Hundred (modified),3,30,https://www.youtube.com/watch?v=4kWTgFf2pHc,Core,Medium,
Advanced,Luteal,19,Side Lying Leg Raises,4,30,https://www.youtube.com/watch?v=3v5Lz4j9r0Q,Glutes,High,
Advanced,Luteal,19,Pilates Hundred (modified),4,30,https://www.youtube.com/watch?v=4kWTgFf2pHc,Core,High,
Advanced,Luteal,19,Standing Side Crunch,4,30,https://www.youtube.com/watch?v=bkD9LwDBWW0,Obliques,High,
Advanced,Luteal,19,Bird Dog,4,30,https://www.youtube.com/watch?v=wiFNA3sqjCA,Core,High,
Advanced,Luteal,19,Wall Sit,4,30,https://www.youtube.com/watch?v=-cdph8hv0O0,Legs,High,
Advanced,Luteal,19,Seated Forward Fold,4,30,https://www.youtube.com/watch?v=p6CMso14NWk,Flexibility,High,
Advanced,Luteal,19,Forward Lunges (slow),4,30,https://www.youtube.com/watch?v=QOVaHwm-Q6U,Legs,High,
Advanced,Luteal,19,Forearm Plank,4,30,https://www.youtube.com/watch?v=pSHjTRCQxIw,Core,High,
Advanced,Luteal,19,Standing Hip Flexor Stretch,4,30,https://www.youtube.com/watch?v=Z8sRNSrZ3Zg,Hips,High,
Advanced,Luteal,19,Glute Bridge,4,30,https://www.youtube.com/watch?v=wPM8icPu6H8,Glutes,High,
Beginner,Luteal,20,Forearm Plank,2,30,https://www.youtube.com/watch?v=pSHjTRCQxIw,Core,Medium,
Beginner,Luteal,20,Standing Hip Flexor Stretch,2,30,https://www.youtube.com/watch?v=Z8sRNSrZ3Zg,Hips,Low,
Beginner,Luteal,20,Glute Bridge,2,30,https://www.youtube.com/watch?v=wPM8icPu6H8,Glutes,Medium,
Beginner,Luteal,20,Bodyweight Squats (controlled),2,30,https://www.youtube.com/watch?v=aclHkVaku9U,Legs,Medium,
Beginner,Luteal,20,Side Lying Leg Raises,2,30,https://www.youtube.com/watch?v=3v5Lz4j9r0Q,Glutes,Low,
Beginner,Luteal,20,Pilates Hundred (modified),2,30,https://www.youtube.com/watch?v=4kWTgFf2pHc,Core,Medium,
Beginner,Luteal,20,Standing Side Crunch,2,30,https://www.youtube.com/watch?v=bkD9LwDBWW0,Obliques,Medium,
Beginner,Luteal,20,Bird Dog,2,30,https://www.youtube.com/watch?v=wiFNA3sqjCA,Core,Medium,
Beginner,Luteal,20,Wall Sit,2,30,https://www.youtube.com/watch?v=-cdph8hv0O0,Legs,Low,
Beginner,Luteal,20,Seated Forward Fold,2,30,https://www.youtube.com/watch?v=p6CMso14NWk,Flexibility,Low,
Intermediate,Luteal,20,Seated Forward Fold,3,30,https://www.youtube.com/watch?v=p6CMso14NWk,Flexibility,Medium,
Intermediate,Luteal,20,Forward Lunges (slow),3,30,https://www.youtube.com/watch?v=QOVaHwm-Q6U,Legs,Medium,
Intermediate,Luteal,20,Forearm Plank,3,30,https://www.youtube.com/watch?v=pSHjTRCQxIw,Core,Medium,
Intermediate,Luteal,20,Standing Hip Flexor Stretch,3,30,https://www.youtube.com/watch?v=Z8sRNSrZ3Zg,Hips,Medium,
Intermediate,Luteal,20,Glute Bridge,3,30,https://www.youtube.com/watch?v=wPM8icPu6H8,Glutes,Medium,
Intermediate,Luteal,20,Bodyweight Squats (controlled),3,30,https://www.youtube.com/watch?v=aclHkVaku9U,Legs,Medium,
Intermediate,Luteal,20,Side Lying Leg Raises,3,30,https://www.youtube.com/watch?v=3v5Lz4j9r0Q,Glutes,Medium,
Intermediate,Luteal,20,Pilates Hundred (modified),3,30,https://www.youtube.com/watch?v=4kWTgFf2pHc,Core,Medium,
Intermediate,Luteal,20,Standing Side Crunch,3,30,https://www.youtube.com/watch?v=bkD9LwDBWW0,Obliques,Medium,
Intermediate,Luteal,20,Bird Dog,3,30,https://www.youtube.com/watch?v=wiFNA3sqjCA,Core,Medium,
Advanced,Luteal,20,Bird Dog,4,30,https://www.youtube.com/watch?v=wiFNA3sqjCA,Core,High,
Advanced,Luteal,20,Wall Sit,4,30,https://www.youtube.com/watch?v=-cdph8hv0O0,Legs,High,
Advanced,Luteal,20,Seated Forward Fold,4,30,https://www.youtube.com/watch?v=p6CMso14NWk,Flexibility,High,
Advanced,Luteal,20,Forward Lunges (slow),4,30,https://www.youtube.com/watch?v=QOVaHwm-Q6U,Legs,High,
Advanced,Luteal,20,Forearm Plank,4,30,https://www.youtube.com/watch?v=pSHjTRCQxIw,Core,High,
Advanced,Luteal,20,Standing Hip Flexor Stretch,4,30,https://www.youtube.com/watch?v=Z8sRNSrZ3Zg,Hips,High,
Advanced,Luteal,20,Glute Bridge,4,30,https://www.youtube.com/watch?v=wPM8icPu6H8,Glutes,High,
Advanced,Luteal,20,Bodyweight Squats (controlled),4,30,https://www.youtube.com/watch?v=aclHkVaku9U,Legs,High,
Advanced,Luteal,20,Side Lying Leg Raises,4,30,https://www.youtube.com/watch?v=3v5Lz4j9r0Q,Glutes,High,
Advanced,Luteal,20,Pilates Hundred (modified),4,30,https://www.youtube.com/watch?v=4kWTgFf2pHc,Core,High,
Beginner,Luteal,21,Standing Hip Flexor Stretch,2,30,https://www.youtube.com/watch?v=Z8sRNSrZ3Zg,Hips,Low,
Beginner,Luteal,21,Glute Bridge,2,30,https://www.youtube.com/watch?v=wPM8icPu6H8,Glutes,Medium,
Beginner,Luteal,21,Bodyweight Squats (controlled),2,30,https://www.youtube.com/watch?v=aclHkVaku9U,Legs,Medium,
Beginner,Luteal,21,Side Lying Leg Raises,2,30,https://www.youtube.com/watch?v=3v5Lz4j9r0Q,Glutes,Low,
Beginner,Luteal,21,Pilates Hundred (modified),2,30,https://www.youtube.com/watch?v=4kWTgFf2pHc,Core,Medium,
Beginner,Luteal,21,Standing Side Crunch,2,30,https://www.youtube.com/watch?v=bkD9LwDBWW0,Obliques,Medium,
Beginner,Luteal,21,Bird Dog,2,30,https://www.youtube.com/watch?v=wiFNA3sqjCA,Core,Medium,
Beginner,Luteal,21,Wall Sit,2,30,https://www.youtube.com/watch?v=-cdph8hv0O0,Legs,Low,
Beginner,Luteal,21,Seated Forward Fold,2,30,https://www.youtube.com/watch?v=p6CMso14NWk,Flexibility,Low,
Beginner,Luteal,21,Forward Lunges (slow),2,30,https://www.youtube.com/watch?v=QOVaHwm-Q6U,Legs,Medium,
Intermediate,Luteal,21,Forearm Plank,3,30,https://www.youtube.com/watch?v=pSHjTRCQxIw,Core,Medium,
Intermediate,Luteal,21,Standing Hip Flexor Stretch,3,30,https://www.youtube.com/watch?v=Z8sRNSrZ3Zg,Hips,Medium,
Intermediate,Luteal,21,Glute Bridge,3,30,https://www.youtube.com/watch?v=wPM8icPu6H8,Glutes,Medium,
Intermediate,Luteal,21,Bodyweight Squats (controlled),3,30,https://www.youtube.com/watch?v=aclHkVaku9U,Legs,Medium,
Intermediate,Luteal,21,Side Lying Leg Raises,3,30,https://www.youtube.com/watch?v=3v5Lz4j9r0Q,Glutes,Medium,
Intermediate,Luteal,21,Pilates Hundred (modified),3,30,https://www.youtube.com/watch?v=4kWTgFf2pHc,Core,Medium,
Intermediate,Luteal,21,Standing Side Crunch,3,30,https://www.youtube.com/watch?v=bkD9LwDBWW0,Obliques,Medium,
Intermediate,Luteal,21,Bird Dog,3,30,https://www.youtube.com/watch?v=wiFNA3sqjCA,Core,Medium,
Intermediate,Luteal,21,Wall Sit,3,30,https://www.youtube.com/watch?v=-cdph8hv0O0,Legs,Medium,
Intermediate,Luteal,21,Seated Forward Fold,3,30,https://www.youtube.com/watch?v=p6CMso14NWk,Flexibility,Medium,
Advanced,Luteal,21,Forward Lunges (slow),4,30,https://www.youtube.com/watch?v=QOVaHwm-Q6U,Legs,High,
Advanced,Luteal,21,Forearm Plank,4,30,https://www.youtube.com/watch?v=pSHjTRCQxIw,Core,High,
Advanced,Luteal,21,Standing Hip Flexor Stretch,4,30,https://www.youtube.com/watch?v=Z8sRNSrZ3Zg,Hips,High,
Advanced,Luteal,21,Glute Bridge,4,30,https://www.youtube.com/watch?v=wPM8icPu6H8,Glutes,High,
Advanced,Luteal,21,Bodyweight Squats (controlled),4,30,https://www.youtube.com/watch?v=aclHkVaku9U,Legs,High,
Advanced,Luteal,21,Side Lying Leg Raises,4,30,https://www.youtube.com/watch?v=3v5Lz4j9r0Q,Glutes,High,
Advanced,Luteal,21,Pilates Hundred (modified),4,30,https://www.youtube.com/watch?v=4kWTgFf2pHc,Core,High,
Advanced,Luteal,21,Standing Side Crunch,4,30,https://www.youtube.com/watch?v=bkD9LwDBWW0,Obliques,High,
Advanced,Luteal,21,Bird Dog,4,30,https://www.youtube.com/watch?v=wiFNA3sqjCA,Core,High,
Advanced,Luteal,21,Wall Sit,4,30,https://www.youtube.com/watch?v=-cdph8hv0O0,Legs,High,
Beginner,Luteal,22,Glute Bridge,2,30,https://www.youtube.com/watch?v=wPM8icPu6H8,Glutes,Medium,
Beginner,Luteal,22,Bodyweight Squats (controlled),2,30,https://www.youtube.com/watch?v=aclHkVaku9U,Legs,Medium,
Beginner,Luteal,22,Side Lying Leg Raises,2,30,https://www.youtube.com/watch?v=3v5Lz4j9r0Q,Glutes,Low,
Beginner,Luteal,22,Pilates Hundred (modified),2,30,https://www.youtube.com/watch?v=4kWTgFf2pHc,Core,Medium,
Beginner,Luteal,22,Standing Side Crunch,2,30,https://www.youtube.com/watch?v=bkD9LwDBWW0,Obliques,Medium,
Beginner,Luteal,22,Bird Dog,2,30,https://www.youtube.com/watch?v=wiFNA3sqjCA,Core,Medium,
Beginner,Luteal,22,Wall Sit,2,30,https://www.youtube.com/watch?v=-cdph8hv0O0,Legs,Low,
Beginner,Luteal,22,Seated Forward Fold,2,30,https://www.youtube.com/watch?v=p6CMso14NWk,Flexibility,Low,
Beginner,Luteal,22,Forward Lunges (slow),2,30,https://www.youtube.com/watch?v=QOVaHwm-Q6U,Legs,Medium,
Beginner,Luteal,22,Forearm Plank,2,30,https://www.youtube.com/watch?v=pSHjTRCQxIw,Core,Medium,
Intermediate,Luteal,22,Glute Bridge,3,30,https://www.youtube.com/watch?v=wPM8icPu6H8,Glutes,Medium,
Intermediate,Luteal,22,Bodyweight Squats (controlled),3,30,https://www.youtube.com/watch?v=aclHkVaku9U,Legs,Medium,
Intermediate,Luteal,22,Side Lying Leg Raises,3,30,https://www.youtube.com/watch?v=3v5Lz4j9r0Q,Glutes,Medium,
Intermediate,Luteal,22,Pilates Hundred (modified),3,30,https://www.youtube.com/watch?v=4kWTgFf2pHc,Core,Medium,
Intermediate,Luteal,22,Standing Side Crunch,3,30,https://www.youtube.com/watch?v=bkD9LwDBWW0,Obliques,Medium,
Intermediate,Luteal,22,Bird Dog,3,30,https://www.youtube.com/watch?v=wiFNA3sqjCA,Core,Medium,
Intermediate,Luteal,22,Wall Sit,3,30,https://www.youtube.com/watch?v=-cdph8hv0O0,Legs,Medium,
Intermediate,Luteal,22,Seated Forward Fold,3,30,https://www.youtube.com/watch?v=p6CMso14NWk,Flexibility,Medium,
Intermediate,Luteal,22,Forward Lunges (slow),3,30,https://www.youtube.com/watch?v=QOVaHwm-Q6U,Legs,Medium,
Intermediate,Luteal,22,Forearm Plank,3,30,https://www.youtube.com/watch?v=pSHjTRCQxIw,Core,Medium,
Advanced,Luteal,22,Glute Bridge,4,30,https://www.youtube.com/watch?v=wPM8icPu6H8,Glutes,High,
Advanced,Luteal,22,Bodyweight Squats (controlled),4,30,https://www.youtube.com/watch?v=aclHkVaku9U,Legs,High,
Advanced,Luteal,22,Side Lying Leg Raises,4,30,https://www.youtube.com/watch?v=3v5Lz4j9r0Q,Glutes,High,
Advanced,Luteal,22,Pilates Hundred (modified),4,30,https://www.youtube.com/watch?v=4kWTgFf2pHc,Core,High,
Advanced,Luteal,22,Standing Side Crunch,4,30,https://www.youtube.com/watch?v=bkD9LwDBWW0,Obliques,High,
Advanced,Luteal,22,Bird Dog,4,30,https://www.youtube.com/watch?v=wiFNA3sqjCA,Core,High,
Advanced,Luteal,22,Wall Sit,4,30,https://www.youtube.com/watch?v=-cdph8hv0O0,Legs,High,
Advanced,Luteal,22,Seated Forward Fold,4,30,https://www.youtube.com/watch?v=p6CMso14NWk,Flexibility,High,
Advanced,Luteal,22,Forward Lunges (slow),4,30,https://www.youtube.com/watch?v=QOVaHwm-Q6U,Legs,High,
Advanced,Luteal,22,Forearm Plank,4,30,https://www.youtube.com/watch?v=pSHjTRCQxIw,Core,High,
Beginner,Luteal,23,Bodyweight Squats (controlled),2,30,https://www.youtube.com/watch?v=aclHkVaku9U,Legs,Medium,
Beginner,Luteal,23,Side Lying Leg Raises,2,30,https://www.youtube.com/watch?v=3v5Lz4j9r0Q,Glutes,Low,
Beginner,Luteal,23,Pilates Hundred (modified),2,30,https://www.youtube.com/watch?v=4kWTgFf2pHc,Core,Medium,
Beginner,Luteal,23,Standing Side Crunch,2,30,https://www.youtube.com/watch?v=bkD9LwDBWW0,Obliques,Medium,
Beginner,Luteal,23,Bird Dog,2,30,https://www.youtube.com/watch?v=wiFNA3sqjCA,Core,Medium,
Beginner,Luteal,23,Wall Sit,2,30,https://www.youtube.com/watch?v=-cdph8hv0O0,Legs,Low,
Beginner,Luteal,23,Seated Forward Fold,2,30,https://www.youtube.com/watch?v=p6CMso14NWk,Flexibility,Low,
Beginner,Luteal,23,Forward Lunges (slow),2,30,https://www.youtube.com/watch?v=QOVaHwm-Q6U,Legs,Medium,
Beginner,Luteal,23,Forearm Plank,2,30,https://www.youtube.com/watch?v=pSHjTRCQxIw,Core,Medium,
Beginner,Luteal,23,Standing Hip Flexor Stretch,2,30,https://www.youtube.com/watch?v=Z8sRNSrZ3Zg,Hips,Low,
Intermediate,Luteal,23,Side Lying Leg Raises,3,30,https://www.youtube.com/watch?v=3v5Lz4j9r0Q,Glutes,Medium,
Intermediate,Luteal,23,Pilates Hundred (modified),3,30,https://www.youtube.com/watch?v=4kWTgFf2pHc,Core,Medium,
Intermediate,Luteal,23,Standing Side Crunch,3,30,https://www.youtube.com/watch?v=bkD9LwDBWW0,Obliques,Medium,
Intermediate,Luteal,23,Bird Dog,3,30,https://www.youtube.com/watch?v=wiFNA3sqjCA,Core,Medium,
Intermediate,Luteal,23,Wall Sit,3,30,https://www.youtube.com/watch?v=-cdph8hv0O0,Legs,Medium,
Intermediate,Luteal,23,Seated Forward Fold,3,30,https://www.youtube.com/watch?v=p6CMso14NWk,Flexibility,Medium,
Intermediate,Luteal,23,Forward Lunges (slow),3,30,https://www.youtube.com/watch?v=QOVaHwm-Q6U,Legs,Medium,
Intermediate,Luteal,23,Forearm Plank,3,30,https://www.youtube.com/watch?v=pSHjTRCQxIw,Core,Medium,
Intermediate,Luteal,23,Standing Hip Flexor Stretch,3,30,https://www.youtube.com/watch?v=Z8sRNSrZ3Zg,Hips,Medium,
Intermediate,Luteal,23,Glute Bridge,3,30,https://www.youtube.com/watch?v=wPM8icPu6H8,Glutes,Medium,
Advanced,Luteal,23,Pilates Hundred (modified),4,30,https://www.youtube.com/watch?v=4kWTgFf2pHc,Core,High,
Advanced,Luteal,23,Standing Side Crunch,4,30,https://www.youtube.com/watch?v=bkD9LwDBWW0,Obliques,High,
Advanced,Luteal,23,Bird Dog,4,30,https://www.youtube.com/watch?v=wiFNA3sqjCA,Core,High,
Advanced,Luteal,23,Wall Sit,4,30,https://www.youtube.com/watch?v=-cdph8hv0O0,Legs,High,
Advanced,Luteal,23,Seated Forward Fold,4,30,https://www.youtube.com/watch?v=p6CMso14NWk,Flexibility,High,
Advanced,Luteal,23,Forward Lunges (slow),4,30,https://www.youtube.com/watch?v=QOVaHwm-Q6U,Legs,High,
Advanced,Luteal,23,Forearm Plank,4,30,https://www.youtube.com/watch?v=pSHjTRCQxIw,Core,High,
Advanced,Luteal,23,Standing Hip Flexor Stretch,4,30,https://www.youtube.com/watch?v=Z8sRNSrZ3Zg,Hips,High,
Advanced,Luteal,23,Glute Bridge,4,30,https://www.youtube.com/watch?v=wPM8icPu6H8,Glutes,High,
Advanced,Luteal,23,Bodyweight Squats (controlled),4,30,https://www.youtube.com/watch?v=aclHkVaku9U,Legs,High,
Beginner,Luteal,24,Side Lying Leg Raises,2,30,https://www.youtube.com/watch?v=3v5Lz4j9r0Q,Glutes,Low,
Beginner,Luteal,24,Pilates Hundred (modified),2,30,https://www.youtube.com/watch?v=4kWTgFf2pHc,Core,Medium,
Beginner,Luteal,24,Standing Side Crunch,2,30,https://www.youtube.com/watch?v=bkD9LwDBWW0,Obliques,Medium,
Beginner,Luteal,24,Bird Dog,2,30,https://www.youtube.com/watch?v=wiFNA3sqjCA,Core,Medium,
Beginner,Luteal,24,Wall Sit,2,30,https://www.youtube.com/watch?v=-cdph8hv0O0,Legs,Low,
Beginner,Luteal,24,Seated Forward Fold,2,30,https://www.youtube.com/watch?v=p6CMso14NWk,Flexibility,Low,
Beginner,Luteal,24,Forward Lunges (slow),2,30,https://www.youtube.com/watch?v=QOVaHwm-Q6U,Legs,Medium,
Beginner,Luteal,24,Forearm Plank,2,30,https://www.youtube.com/watch?v=pSHjTRCQxIw,Core,Medium,
Beginner,Luteal,24,Standing Hip Flexor Stretch,2,30,https://www.youtube.com/watch?v=Z8sRNSrZ3Zg,Hips,Low,
Beginner,Luteal,24,Glute Bridge,2,30,https://www.youtube.com/watch?v=wPM8icPu6H8,Glutes,Medium,
Intermediate,Luteal,24,Standing Side Crunch,3,30,https://www.youtube.com/watch?v=bkD9LwDBWW0,Obliques,Medium,
Intermediate,Luteal,24,Bird Dog,3,30,https://www.youtube.com/watch?v=wiFNA3sqjCA,Core,Medium,
Intermediate,Luteal,24,Wall Sit,3,30,https://www.youtube.com/watch?v=-cdph8hv0O0,Legs,Medium,
Intermediate,Luteal,24,Seated Forward Fold,3,30,https://www.youtube.com/watch?v=p6CMso14NWk,Flexibility,Medium,
Intermediate,Luteal,24,Forward Lunges (slow),3,30,https://www.youtube.com/watch?v=QOVaHwm-Q6U,Legs,Medium,
Intermediate,Luteal,24,Forearm Plank,3,30,https://www.youtube.com/watch?v=pSHjTRCQxIw,Core,Medium,
Intermediate,Luteal,24,Standing Hip Flexor Stretch,3,30,https://www.youtube.com/watch?v=Z8sRNSrZ3Zg,Hips,Medium,
Intermediate,Luteal,24,Glute Bridge,3,30,https://www.youtube.com/watch?v=wPM8icPu6H8,Glutes,Medium,
Intermediate,Luteal,24,Bodyweight Squats (controlled),3,30,https://www.youtube.com/watch?v=aclHkVaku9U,Legs,Medium,
Intermediate,Luteal,24,Side Lying Leg Raises,3,30,https://www.youtube.com/watch?v=3v5Lz4j9r0Q,Glutes,Medium,
Advanced,Luteal,24,Wall Sit,4,30,https://www.youtube.com/watch?v=-cdph8hv0O0,Legs,High,
Advanced,Luteal,24,Seated Forward Fold,4,30,https://www.youtube.com/watch?v=p6CMso14NWk,Flexibility,High,
Advanced,Luteal,24,Forward Lunges (slow),4,30,https://www.youtube.com/watch?v=QOVaHwm-Q6U,Legs,High,
Advanced,Luteal,24,Forearm Plank,4,30,https://www.youtube.com/watch?v=pSHjTRCQxIw,Core,High,
Advanced,Luteal,24,Standing Hip Flexor Stretch,4,30,https://www.youtube.com/watch?v=Z8sRNSrZ3Zg,Hips,High,
Advanced,Luteal,24,Glute Bridge,4,30,https://www.youtube.com/watch?v=wPM8icPu6H8,Glutes,High,
Advanced,Luteal,24,Bodyweight Squats (controlled),4,30,https://www.youtube.com/watch?v=aclHkVaku9U,Legs,High,
Advanced,Luteal,24,Side Lying Leg Raises,4,30,https://www.youtube.com/watch?v=3v5Lz4j9r0Q,Glutes,High,
Advanced,Luteal,24,Pilates Hundred (modified),4,30,https://www.youtube.com/watch?v=4kWTgFf2pHc,Core,High,
Advanced,Luteal,24,Standing Side Crunch,4,30,https://www.youtube.com/watch?v=bkD9LwDBWW0,Obliques,High,
Beginner,Luteal,25,Pilates Hundred (modified),2,30,https://www.youtube.com/watch?v=4kWTgFf2pHc,Core,Medium,
Beginner,Luteal,25,Standing Side Crunch,2,30,https://www.youtube.com/watch?v=bkD9LwDBWW0,Obliques,Medium,
Beginner,Luteal,25,Bird Dog,2,30,https://www.youtube.com/watch?v=wiFNA3sqjCA,Core,Medium,
Beginner,Luteal,25,Wall Sit,2,30,https://www.youtube.com/watch?v=-cdph8hv0O0,Legs,Low,
Beginner,Luteal,25,Seated Forward Fold,2,30,https://www.youtube.com/watch?v=p6CMso14NWk,Flexibility,Low,
Beginner,Luteal,25,Forward Lunges (slow),2,30,https://www.youtube.com/watch?v=QOVaHwm-Q6U,Legs,Medium,
Beginner,Luteal,25,Forearm Plank,2,30,https://www.youtube.com/watch?v=pSHjTRCQxIw,Core,Medium,
Beginner,Luteal,25,Standing Hip Flexor Stretch,2,30,https://www.youtube.com/watch?v=Z8sRNSrZ3Zg,Hips,Low,
Beginner,Luteal,25,Glute Bridge,2,30,https://www.youtube.com/watch?v=wPM8icPu6H8,Glutes,Medium,
Beginner,Luteal,25,Bodyweight Squats (controlled),2,30,https://www.youtube.com/watch?v=aclHkVaku9U,Legs,Medium,
Intermediate,Luteal,25,Wall Sit,3,30,https://www.youtube.com/watch?v=-cdph8hv0O0,Legs,Medium,
Intermediate,Luteal,25,Seated Forward Fold,3,30,https://www.youtube.com/watch?v=p6CMso14NWk,Flexibility,Medium,
Intermediate,Luteal,25,Forward Lunges (slow),3,30,https://www.youtube.com/watch?v=QOVaHwm-Q6U,Legs,Medium,
Intermediate,Luteal,25,Forearm Plank,3,30,https://www.youtube.com/watch?v=pSHjTRCQxIw,Core,Medium,
Intermediate,Luteal,25,Standing Hip Flexor Stretch,3,30,https://www.youtube.com/watch?v=Z8sRNSrZ3Zg,Hips,Medium,
Intermediate,Luteal,25,Glute Bridge,3,30,https://www.youtube.com/watch?v=wPM8icPu6H8,Glutes,Medium,
Intermediate,Luteal,25,Bodyweight Squats (controlled),3,30,https://www.youtube.com/watch?v=aclHkVaku9U,Legs,Medium,
Intermediate,Luteal,25,Side Lying Leg Raises,3,30,https://www.youtube.com/watch?v=3v5Lz4j9r0Q,Glutes,Medium,
Intermediate,Luteal,25,Pilates Hundred (modified),3,30,https://www.youtube.com/watch?v=4kWTgFf2pHc,Core,Medium,
Intermediate,Luteal,25,Standing Side Crunch,3,30,https://www.youtube.com/watch?v=bkD9LwDBWW0,Obliques,Medium,
Advanced,Luteal,25,Forearm Plank,4,30,https://www.youtube.com/watch?v=pSHjTRCQxIw,Core,High,
Advanced,Luteal,25,Standing Hip Flexor Stretch,4,30,https://www.youtube.com/watch?v=Z8sRNSrZ3Zg,Hips,High,
Advanced,Luteal,25,Glute Bridge,4,30,https://www.youtube.com/watch?v=wPM8icPu6H8,Glutes,High,
Advanced,Luteal,25,Bodyweight Squats (controlled),4,30,https://www.youtube.com/watch?v=aclHkVaku9U,Legs,High,
Advanced,Luteal,25,Side Lying Leg Raises,4,30,https://www.youtube.com/watch?v=3v5Lz4j9r0Q,Glutes,High,
Advanced,Luteal,25,Pilates Hundred (modified),4,30,https://www.youtube.com/watch?v=4kWTgFf2pHc,Core,High,
Advanced,Luteal,25,Standing Side Crunch,4,30,https://www.youtube.com/watch?v=bkD9LwDBWW0,Obliques,High,
Advanced,Luteal,25,Bird Dog,4,30,https://www.youtube.com/watch?v=wiFNA3sqjCA,Core,High,
Advanced,Luteal,25,Wall Sit,4,30,https://www.youtube.com/watch?v=-cdph8hv0O0,Legs,High,
Advanced,Luteal,25,Seated Forward Fold,4,30,https://www.youtube.com/watch?v=p6CMso14NWk,Flexibility,High,
Beginner,Luteal,26,Standing Side Crunch,2,30,https://www.youtube.com/watch?v=bkD9LwDBWW0,Obliques,Medium,
Beginner,Luteal,26,Bird Dog,2,30,https://www.youtube.com/watch?v=wiFNA3sqjCA,Core,Medium,
Beginner,Luteal,26,Wall Sit,2,30,https://www.youtube.com/watch?v=-cdph8hv0O0,Legs,Low,
Beginner,Luteal,26,Seated Forward Fold,2,30,https://www.youtube.com/watch?v=p6CMso14NWk,Flexibility,Low,
Beginner,Luteal,26,Forward Lunges (slow),2,30,https://www.youtube.com/watch?v=QOVaHwm-Q6U,Legs,Medium,
Beginner,Luteal,26,Forearm Plank,2,30,https://www.youtube.com/watch?v=pSHjTRCQxIw,Core,Medium,
Beginner,Luteal,26,Standing Hip Flexor Stretch,2,30,https://www.youtube.com/watch?v=Z8sRNSrZ3Zg,Hips,Low,
Beginner,Luteal,26,Glute Bridge,2,30,https://www.youtube.com/watch?v=wPM8icPu6H8,Glutes,Medium,
Beginner,Luteal,26,Bodyweight Squats (controlled),2,30,https://www.youtube.com/watch?v=aclHkVaku9U,Legs,Medium,
Beginner,Luteal,26,Side Lying Leg Raises,2,30,https://www.youtube.com/watch?v=3v5Lz4j9r0Q,Glutes,Low,
Intermediate,Luteal,26,Forward Lunges (slow),3,30,https://www.youtube.com/watch?v=QOVaHwm-Q6U,Legs,Medium,
Intermediate,Luteal,26,Forearm Plank,3,30,https://www.youtube.com/watch?v=pSHjTRCQxIw,Core,Medium,
Intermediate,Luteal,26,Standing Hip Flexor Stretch,3,30,https://www.youtube.com/watch?v=Z8sRNSrZ3Zg,Hips,Medium,
Intermediate,Luteal,26,Glute Bridge,3,30,https://www.youtube.com/watch?v=wPM8icPu6H8,Glutes,Medium,
Intermediate,Luteal,26,Bodyweight Squats (controlled),3,30,https://www.youtube.com/watch?v=aclHkVaku9U,Legs,Medium,
Intermediate,Luteal,26,Side Lying Leg Raises,3,30,https://www.youtube.com/watch?v=3v5Lz4j9r0Q,Glutes,Medium,
Intermediate,Luteal,26,Pilates Hundred (modified),3,30,https://www.youtube.com/watch?v=4kWTgFf2pHc,Core,Medium,
Intermediate,Luteal,26,Standing Side Crunch,3,30,https://www.youtube.com/watch?v=bkD9LwDBWW0,Obliques,Medium,
Intermediate,Luteal,26,Bird Dog,3,30,https://www.youtube.com/watch?v=wiFNA3sqjCA,Core,Medium,
Intermediate,Luteal,26,Wall Sit,3,30,https://www.youtube.com/watch?v=-cdph8hv0O0,Legs,Medium,
Advanced,Luteal,26,Bodyweight Squats (controlled),4,30,https://www.youtube.com/watch?v=aclHkVaku9U,Legs,High,
Advanced,Luteal,26,Side Lying Leg Raises,4,30,https://www.youtube.com/watch?v=3v5Lz4j9r0Q,Glutes,High,
Advanced,Luteal,26,Pilates Hundred (modified),4,30,https://www.youtube.com/watch?v=4kWTgFf2pHc,Core,High,
Advanced,Luteal,26,Standing Side Crunch,4,30,https://www.youtube.com/watch?v=bkD9LwDBWW0,Obliques,High,
Advanced,Luteal,26,Bird Dog,4,30,https://www.youtube.com/watch?v=wiFNA3sqjCA,Core,High,
Advanced,Luteal,26,Wall Sit,4,30,https://www.youtube.com/watch?v=-cdph8hv0O0,Legs,High,
Advanced,Luteal,26,Seated Forward Fold,4,30,https://www.youtube.com/watch?v=p6CMso14NWk,Flexibility,High,
Advanced,Luteal,26,Forward Lunges (slow),4,30,https://www.youtube.com/watch?v=QOVaHwm-Q6U,Legs,High,
Advanced,Luteal,26,Forearm Plank,4,30,https://www.youtube.com/watch?v=pSHjTRCQxIw,Core,High,
Advanced,Luteal,26,Standing Hip Flexor Stretch,4,30,https://www.youtube.com/watch?v=Z8sRNSrZ3Zg,Hips,High,
Beginner,Luteal,27,Bird Dog,2,30,https://www.youtube.com/watch?v=wiFNA3sqjCA,Core,Medium,
Beginner,Luteal,27,Wall Sit,2,30,https://www.youtube.com/watch?v=-cdph8hv0O0,Legs,Low,
Beginner,Luteal,27,Seated Forward Fold,2,30,https://www.youtube.com/watch?v=p6CMso14NWk,Flexibility,Low,
Beginner,Luteal,27,Forward Lunges (slow),2,30,https://www.youtube.com/watch?v=QOVaHwm-Q6U,Legs,Medium,
Beginner,Luteal,27,Forearm Plank,2,30,https://www.youtube.com/watch?v=pSHjTRCQxIw,Core,Medium,
Beginner,Luteal,27,Standing Hip Flexor Stretch,2,30,https://www.youtube.com/watch?v=Z8sRNSrZ3Zg,Hips,Low,
Beginner,Luteal,27,Glute Bridge,2,30,https://www.youtube.com/watch?v=wPM8icPu6H8,Glutes,Medium,
Beginner,Luteal,27,Bodyweight Squats (controlled),2,30,https://www.youtube.com/watch?v=aclHkVaku9U,Legs,Medium,
Beginner,Luteal,27,Side Lying Leg Raises,2,30,https://www.youtube.com/watch?v=3v5Lz4j9r0Q,Glutes,Low,
Beginner,Luteal,27,Pilates Hundred (modified),2,30,https://www.youtube.com/watch?v=4kWTgFf2pHc,Core,Medium,
Intermediate,Luteal,27,Standing Hip Flexor Stretch,3,30,https://www.youtube.com/watch?v=Z8sRNSrZ3Zg,Hips,Medium,
Intermediate,Luteal,27,Glute Bridge,3,30,https://www.youtube.com/watch?v=wPM8icPu6H8,Glutes,Medium,
Intermediate,Luteal,27,Bodyweight Squats (controlled),3,30,https://www.youtube.com/watch?v=aclHkVaku9U,Legs,Medium,
Intermediate,Luteal,27,Side Lying Leg Raises,3,30,https://www.youtube.com/watch?v=3v5Lz4j9r0Q,Glutes,Medium,
Intermediate,Luteal,27,Pilates Hundred (modified),3,30,https://www.youtube.com/watch?v=4kWTgFf2pHc,Core,Medium,
Intermediate,Luteal,27,Standing Side Crunch,3,30,https://www.youtube.com/watch?v=bkD9LwDBWW0,Obliques,Medium,
Intermediate,Luteal,27,Bird Dog,3,30,https://www.youtube.com/watch?v=wiFNA3sqjCA,Core,Medium,
Intermediate,Luteal,27,Wall Sit,3,30,https://www.youtube.com/watch?v=-cdph8hv0O0,Legs,Medium,
Intermediate,Luteal,27,Seated Forward Fold,3,30,https://www.youtube.com/watch?v=p6CMso14NWk,Flexibility,Medium,
Intermediate,Luteal,27,Forward Lunges (slow),3,30,https://www.youtube.com/watch?v=QOVaHwm-Q6U,Legs,Medium,
Advanced,Luteal,27,Standing Side Crunch,4,30,https://www.youtube.com/watch?v=bkD9LwDBWW0,Obliques,High,
Advanced,Luteal,27,Bird Dog,4,30,https://www.youtube.com/watch?v=wiFNA3sqjCA,Core,High,
Advanced,Luteal,27,Wall Sit,4,30,https://www.youtube.com/watch?v=-cdph8hv0O0,Legs,High,
Advanced,Luteal,27,Seated Forward Fold,4,30,https://www.youtube.com/watch?v=p6CMso14NWk,Flexibility,High,
Advanced,Luteal,27,Forward Lunges (slow),4,30,https://www.youtube.com/watch?v=QOVaHwm-Q6U,Legs,High,
Advanced,Luteal,27,Forearm Plank,4,30,https://www.youtube.com/watch?v=pSHjTRCQxIw,Core,High,
Advanced,Luteal,27,Standing Hip Flexor Stretch,4,30,https://www.youtube.com/watch?v=Z8sRNSrZ3Zg,Hips,High,
Advanced,Luteal,27,Glute Bridge,4,30,https://www.youtube.com/watch?v=wPM8icPu6H8,Glutes,High,
Advanced,Luteal,27,Bodyweight Squats (controlled),4,30,https://www.youtube.com/watch?v=aclHkVaku9U,Legs,High,
Advanced,Luteal,27,Side Lying Leg Raises,4,30,https://www.youtube.com/watch?v=3v5Lz4j9r0Q,Glutes,High,
Beginner,Luteal,28,Wall Sit,2,30,https://www.youtube.com/watch?v=-cdph8hv0O0,Legs,Low,
Beginner,Luteal,28,Seated Forward Fold,2,30,https://www.youtube.com/watch?v=p6CMso14NWk,Flexibility,Low,
Beginner,Luteal,28,Forward Lunges (slow),2,30,https://www.youtube.com/watch?v=QOVaHwm-Q6U,Legs,Medium,
Beginner,Luteal,28,Forearm Plank,2,30,https://www.youtube.com/watch?v=pSHjTRCQxIw,Core,Medium,
Beginner,Luteal,28,Standing Hip Flexor Stretch,2,30,https://www.youtube.com/watch?v=Z8sRNSrZ3Zg,Hips,Low,
Beginner,Luteal,28,Glute Bridge,2,30,https://www.youtube.com/watch?v=wPM8icPu6H8,Glutes,Medium,
Beginner,Luteal,28,Bodyweight Squats (controlled),2,30,https://www.youtube.com/watch?v=aclHkVaku9U,Legs,Medium,
Beginner,Luteal,28,Side Lying Leg Raises,2,30,https://www.youtube.com/watch?v=3v5Lz4j9r0Q,Glutes,Low,
Beginner,Luteal,28,Pilates Hundred (modified),2,30,https://www.youtube.com/watch?v=4kWTgFf2pHc,Core,Medium,
Beginner,Luteal,28,Standing Side Crunch,2,30,https://www.youtube.com/watch?v=bkD9LwDBWW0,Obliques,Medium,
Intermediate,Luteal,28,Bodyweight Squats (controlled),3,30,https://www.youtube.com/watch?v=aclHkVaku9U,Legs,Medium,
Intermediate,Luteal,28,Side Lying Leg Raises,3,30,https://www.youtube.com/watch?v=3v5Lz4j9r0Q,Glutes,Medium,
Intermediate,Luteal,28,Pilates Hundred (modified),3,30,https://www.youtube.com/watch?v=4kWTgFf2pHc,Core,Medium,
Intermediate,Luteal,28,Standing Side Crunch,3,30,https://www.youtube.com/watch?v=bkD9LwDBWW0,Obliques,Medium,
Intermediate,Luteal,28,Bird Dog,3,30,https://www.youtube.com/watch?v=wiFNA3sqjCA,Core,Medium,
Intermediate,Luteal,28,Wall Sit,3,30,https://www.youtube.com/watch?v=-cdph8hv0O0,Legs,Medium,
Intermediate,Luteal,28,Seated Forward Fold,3,30,https://www.youtube.com/watch?v=p6CMso14NWk,Flexibility,Medium,
Intermediate,Luteal,28,Forward Lunges (slow),3,30,https://www.youtube.com/watch?v=QOVaHwm-Q6U,Legs,Medium,
Intermediate,Luteal,28,Forearm Plank,3,30,https://www.youtube.com/watch?v=pSHjTRCQxIw,Core,Medium,
Intermediate,Luteal,28,Standing Hip Flexor Stretch,3,30,https://www.youtube.com/watch?v=Z8sRNSrZ3Zg,Hips,Medium,
Advanced,Luteal,28,Seated Forward Fold,4,30,https://www.youtube.com/watch?v=p6CMso14NWk,Flexibility,High,
Advanced,Luteal,28,Forward Lunges (slow),4,30,https://www.youtube.com/watch?v=QOVaHwm-Q6U,Legs,High,
Advanced,Luteal,28,Forearm Plank,4,30,https://www.youtube.com/watch?v=pSHjTRCQxIw,Core,High,
Advanced,Luteal,28,Standing Hip Flexor Stretch,4,30,https://www.youtube.com/watch?v=Z8sRNSrZ3Zg,Hips,High,
Advanced,Luteal,28,Glute Bridge,4,30,https://www.youtube.com/watch?v=wPM8icPu6H8,Glutes,High,
Advanced,Luteal,28,Bodyweight Squats (controlled),4,30,https://www.youtube.com/watch?v=aclHkVaku9U,Legs,High,
Advanced,Luteal,28,Side Lying Leg Raises,4,30,https://www.youtube.com/watch?v=3v5Lz4j9r0Q,Glutes,High,
Advanced,Luteal,28,Pilates Hundred (modified),4,30,https://www.youtube.com/watch?v=4kWTgFf2pHc,Core,High,
Advanced,Luteal,28,Standing Side Crunch,4,30,https://www.youtube.com/watch?v=bkD9LwDBWW0,Obliques,High,
Advanced,Luteal,28,Bird Dog,4,30,https://www.youtube.com/watch?v=wiFNA3sqjCA,Core,High,
